date,Drink (Coffee),Drink (Non Coffee),Food,Other,Retail,Total Sales,Academic,Campus,Community,Holiday,Popular,Sports,max_temp_celsius,min_temp_celsius,precipitation_mm,max_wind_speed_kmh,max_temp_fahrenheit,min_temp_fahrenheit,max_wind_speed_mph,precipitation_inches,is_outlier_iqr,zscore,is_outlier_z,is_duplicate_date,is_holiday,has_error_signal
2024-01-01,0.0,0.0,0.0,0.0,0.0,0.0,0.0,0.0,0.0,1.0,0.0,0.0,3.4,-4.1,0.0,18.8,38.12,24.62,11.6817748,0.0,False,-1.563366222996449,False,False,True,1
2024-01-02,4.53,0.0,0.0,0.0,0.0,4.53,0.0,0.0,0.0,0.0,0.0,0.0,3.7,-4.8,0.0,19.9,38.66,23.36,12.3652829,0.0,False,-1.5586567357764118,False,False,False,0
2024-01-03,0.0,0.0,0.0,0.0,0.0,0.0,0.0,0.0,0.0,0.0,0.0,0.0,2.0,-4.8,0.0,13.5,35.6,23.36,8.3885085,0.0,False,-1.563366222996449,False,False,False,0
2024-01-04,0.0,0.0,0.0,0.0,0.0,0.0,0.0,0.0,0.0,0.0,0.0,0.0,3.1,-4.4,0.0,11.3,37.58,24.08,7.0214923,0.0,False,-1.563366222996449,False,False,False,0
2024-01-05,0.0,0.0,0.0,0.0,0.0,0.0,0.0,0.0,0.0,0.0,0.0,0.0,3.8,-4.6,0.2,15.8,38.84,23.72,9.8176618,0.0078740157480314,False,-1.563366222996449,False,False,False,0
2024-01-06,0.0,0.0,0.0,0.0,0.0,0.0,0.0,0.0,0.0,0.0,0.0,0.0,3.6,-0.6,5.8,14.1,38.48,30.92,8.7613311,0.2283464566929134,False,-1.563366222996449,False,False,False,0
2024-01-07,0.0,0.0,0.0,0.0,0.0,0.0,0.0,0.0,0.0,0.0,0.0,0.0,2.3,-0.7,0.7,20.7,36.14,30.74,12.8623797,0.0275590551181102,False,-1.563366222996449,False,False,False,0
2024-01-08,0.0,0.0,0.0,0.0,0.0,0.0,0.0,0.0,0.0,0.0,0.0,1.0,4.4,-3.2,1.7,24.5,39.92,26.24,15.2235895,0.0669291338582677,False,-1.563366222996449,False,False,False,0
2024-01-09,0.0,0.0,0.0,0.0,0.0,0.0,0.0,0.0,0.0,0.0,0.0,0.0,5.3,0.7,22.6,29.3,41.54,33.26,18.2061703,0.8897637795275591,False,-1.563366222996449,False,False,False,0
2024-01-10,0.0,0.0,0.0,0.0,0.0,0.0,0.0,0.0,0.0,0.0,0.0,0.0,3.0,-1.1,0.3,32.0,37.4,30.02,19.883872,0.0118110236220472,False,-1.563366222996449,False,False,False,0
2024-01-11,27.0,0.0,0.0,0.0,0.0,27.0,0.0,0.0,0.0,0.0,0.0,1.0,4.2,-2.0,0.3,27.0,39.56,28.4,16.777017,0.0118110236220472,False,-1.5352964316187447,False,False,False,0
2024-01-12,0.0,0.0,0.0,0.0,0.0,0.0,0.0,0.0,0.0,0.0,0.0,0.0,7.6,-6.8,33.3,37.4,45.68,19.76,23.2392754,1.311023622047244,False,-1.563366222996449,False,False,False,0
2024-01-13,0.0,0.0,0.0,0.0,0.0,0.0,0.0,0.0,0.0,0.0,0.0,0.0,-5.7,-15.0,1.0,35.7,21.74,5.0,22.182944700000004,0.0393700787401574,False,-1.563366222996449,False,False,False,0
2024-01-14,0.0,0.0,0.0,0.0,0.0,0.0,0.0,0.0,0.0,0.0,0.0,0.0,-15.9,-23.3,0.0,32.8,3.3800000000000026,-9.940000000000005,20.3809688,0.0,False,-1.563366222996449,False,False,False,0
2024-01-15,0.0,0.0,0.0,0.0,0.0,0.0,0.0,0.0,0.0,1.0,0.0,0.0,-11.4,-20.5,0.6,16.2,11.479999999999997,-4.899999999999999,10.0662102,0.0236220472440944,False,-1.563366222996449,False,False,True,1
2024-01-16,0.0,0.0,0.0,0.0,0.0,0.0,1.0,0.0,0.0,0.0,0.0,0.0,-12.0,-18.4,0.5,23.3,10.4,-1.1199999999999974,14.4779443,0.0196850393700787,False,-1.563366222996449,False,False,False,0
2024-01-17,6.54,0.0,0.0,0.0,0.0,6.54,0.0,0.0,0.0,0.0,0.0,0.0,-0.4,-13.5,0.0,25.9,31.28,7.699999999999999,16.0935089,0.0,False,-1.5565670957516273,False,False,False,0
2024-01-18,0.0,0.0,0.0,0.0,0.0,0.0,0.0,0.0,0.0,0.0,0.0,0.0,1.9,-5.1,0.5,20.1,35.42,22.82,12.4895571,0.0196850393700787,False,-1.563366222996449,False,False,False,0
2024-01-19,0.0,0.0,0.0,0.0,0.0,0.0,0.0,0.0,0.0,0.0,0.0,0.0,-5.7,-15.7,1.8,27.8,21.74,3.740000000000002,17.274113800000002,0.0708661417322834,False,-1.563366222996449,False,False,False,0
2024-01-20,0.0,0.0,0.0,0.0,0.0,0.0,0.0,0.0,0.0,0.0,0.0,0.0,-7.5,-17.3,0.0,20.5,18.5,0.8599999999999959,12.7381055,0.0,False,-1.563366222996449,False,False,False,0
2024-01-21,0.0,0.0,0.0,0.0,0.0,0.0,0.0,0.0,0.0,0.0,0.0,0.0,-2.9,-16.1,0.0,21.1,26.78,3.02,13.1109281,0.0,False,-1.563366222996449,False,False,False,0
2024-01-22,0.0,0.0,0.0,0.0,0.0,0.0,0.0,0.0,0.0,0.0,0.0,0.0,-0.2,-6.8,9.8,23.7,31.64,19.76,14.7264927,0.3858267716535433,False,-1.563366222996449,False,False,False,0
2024-01-23,0.0,0.0,0.0,0.0,0.0,0.0,0.0,0.0,0.0,0.0,0.0,1.0,5.2,-0.1,13.0,16.2,41.36,31.82,10.0662102,0.5118110236220472,False,-1.563366222996449,False,False,False,0
2024-01-24,843.59,382.32,146.44,0.0,0.0,1372.3500000000001,0.0,0.0,0.0,0.0,0.0,0.0,6.2,1.9,12.0,12.6,43.16,35.42,7.8292746,0.4724409448818898,False,-0.1366411045819127,False,False,False,0
2024-01-25,1227.71,388.99,194.65,0.0,0.0,1811.3500000000001,0.0,0.0,0.0,0.0,0.0,0.0,4.0,1.2,14.1,14.6,39.2,34.16,9.0720166,0.5551181102362205,False,0.3197529107815014,False,False,False,0
2024-01-26,1086.73,378.78999999999996,144.37,33.8,0.0,1643.6899999999998,0.0,0.0,1.0,0.0,0.0,1.0,6.2,1.3,0.0,15.5,43.16,34.34,9.6312505,0.0,False,0.14544990254498627,False,False,False,0
2024-01-27,1175.41,453.24000000000007,178.27,15.0,0.0,1821.92,0.0,0.0,0.0,0.0,0.0,0.0,3.6,-0.9,7.1,21.6,38.48,30.38,13.4216136,0.2795275590551181,False,0.3307417142949211,False,False,False,0
2024-01-28,1162.97,381.11,193.52,0.0,49.99,1787.59,0.0,0.0,0.0,0.0,0.0,0.0,4.3,0.1,4.0,27.1,39.74,32.18,16.839154100000002,0.1574803149606299,False,0.2950514943691214,False,False,False,0
2024-01-29,1305.28,635.6500000000001,174.42,0.5,11.99,2127.8399999999997,0.0,0.0,0.0,0.0,0.0,0.0,7.3,-1.9,0.0,20.5,45.14,28.58,12.7381055,0.0,False,0.6487828468233391,False,False,False,0
2024-01-30,1505.12,809.1700000000001,251.07999999999998,5.94,0.0,2571.31,0.0,0.0,0.0,0.0,1.0,0.0,5.8,0.0,2.1,21.8,42.44,32.0,13.5458878,0.0826771653543307,False,1.1098239720926177,False,False,False,0
2024-01-31,1785.67,970.49,248.41000000000003,6.99,30.0,3041.5599999999995,0.0,0.0,1.0,0.0,0.0,0.0,7.6,-1.5,0.0,15.6,45.68,29.3,9.6933876,0.0,False,1.598706171920967,False,False,False,0
2024-02-01,1129.95,459.24,202.74,74.6,12.99,1879.52,0.0,0.0,0.0,0.0,0.0,0.0,12.6,0.7,0.0,18.1,54.68,33.26,11.2468151,0.0,False,0.39062393590069017,False,False,False,0
2024-02-02,1204.33,386.82,332.54,0.0,23.98,1947.6699999999998,0.0,0.0,0.0,0.0,1.0,1.0,7.7,-0.3,0.0,20.5,45.86,31.46,12.7381055,0.0,False,0.4614741685818214,False,False,False,0
2024-02-03,1505.8999999999999,536.23,348.91999999999996,0.0,0.0,2391.0499999999997,0.0,0.0,0.0,0.0,0.0,0.0,9.4,-2.9,0.0,21.5,48.92,26.78,13.3594765,0.0,False,0.9224217278798408,False,False,False,0
2024-02-04,1282.43,493.51000000000005,360.14,0.0,0.0,2136.08,0.0,0.0,0.0,0.0,0.0,0.0,10.6,-1.8,0.0,21.3,51.08,28.76,13.2352023,0.0,False,0.6573493313030535,False,False,False,0
2024-02-05,1044.48,472.90999999999997,215.65,6.99,0.0,1740.03,0.0,0.0,0.0,0.0,0.0,0.0,9.9,-2.5,0.0,19.4,49.82,27.5,12.0545974,0.0,False,0.2456070766682468,False,False,False,0
2024-02-06,774.3100000000001,386.78999999999996,186.21,44.0,24.98,1416.29,0.0,0.0,0.0,0.0,0.0,0.0,9.0,-3.4,0.0,10.8,48.2,25.880000000000003,6.7108068,0.0,False,-0.09096011816945634,False,False,False,0
2024-02-07,1035.57,400.82,223.98000000000002,0.0,0.0,1660.37,0.0,0.0,0.0,0.0,0.0,0.0,10.5,-0.8,0.0,16.1,50.9,30.56,10.0040731,0.0,False,0.16279079588499032,False,False,False,0
2024-02-08,892.88,374.3,222.32999999999998,62.8,0.0,1552.31,0.0,0.0,0.0,0.0,0.0,0.0,15.2,5.7,0.0,36.6,59.36,42.260000000000005,22.742178600000003,0.0,False,0.05044925306000055,False,False,False,0
2024-02-09,1369.84,379.82,335.78999999999996,265.5,0.0,2350.95,0.0,0.0,0.0,0.0,0.0,0.0,16.9,9.5,0.0,30.2,62.42,49.1,18.7654042,0.0,False,0.8807328895744356,False,False,False,0
2024-02-10,1230.77,489.51,333.89,247.9,0.0,2302.07,0.0,0.0,0.0,0.0,1.0,0.0,7.6,0.3,0.0,17.4,45.68,32.54,10.8118554,0.0,False,0.8299161709617624,False,False,False,0
2024-02-11,1040.92,412.16999999999996,346.16999999999996,306.4,11.99,2117.65,0.0,0.0,0.0,0.0,0.0,1.0,6.6,-3.4,0.0,11.2,43.88,25.880000000000003,6.9593552,0.0,False,0.6381890996330133,False,False,False,0
2024-02-12,841.71,264.87,172.49,175.1,12.99,1467.1599999999999,0.0,0.0,0.0,0.0,0.0,0.0,6.5,-3.5,0.0,16.6,43.7,25.7,10.3147586,0.0,False,-0.03807455197005583,False,False,False,0
2024-02-13,1020.73,253.68,200.85,207.8,0.0,1683.06,0.0,0.0,0.0,0.0,0.0,0.0,8.2,-1.9,0.0,15.7,46.76,28.58,9.7555247,0.0,False,0.18637981686129074,False,False,False,0
2024-02-14,981.39,357.1,242.79000000000002,481.2,0.0,2062.48,0.0,0.0,0.0,0.0,1.0,0.0,9.1,-2.3,0.0,16.6,48.38,27.86,10.3147586,0.0,False,0.5808331592512375,False,False,False,0
2024-02-15,1073.47,349.29,218.35000000000002,247.3,20.9,1909.3100000000002,0.0,0.0,0.0,0.0,0.0,1.0,8.8,0.3,1.8,31.4,47.84,32.54,19.5110494,0.0708661417322834,False,0.4215942723874241,False,False,False,0
2024-02-16,856.5999999999999,458.89,178.69,94.0,0.0,1588.1799999999998,0.0,0.0,0.0,0.0,0.0,0.0,0.8,-3.5,7.9,20.1,33.44,25.7,12.4895571,0.3110236220472441,False,0.08774049071623202,False,False,False,0
2024-02-17,1063.95,483.69,349.14,97.4,11.99,2006.1700000000003,0.0,0.0,0.0,0.0,0.0,0.0,-4.4,-11.7,0.0,24.8,24.08,10.94,15.4100008,0.0,False,0.5222920499001812,False,False,False,0
2024-02-18,1152.63,506.62000000000006,368.56,54.2,12.99,2095.0,0.0,0.0,0.0,0.0,0.0,0.0,4.9,-8.1,0.0,25.7,40.82,17.42,15.9692347,0.0,False,0.6146416635328279,False,False,False,0
2024-02-19,930.67,412.28999999999996,258.57,125.5,0.0,1727.03,0.0,0.0,0.0,1.0,0.0,0.0,8.7,-6.3,0.0,12.2,47.66,20.66,7.5807262,0.0,False,0.23209199193083363,False,False,True,1
2024-02-20,1077.28,381.27,235.46,451.7,0.0,2145.71,0.0,0.0,0.0,0.0,0.0,0.0,12.4,-1.8,0.0,18.3,54.32,28.76,11.3710893,0.0,False,0.6673608902277681,False,False,False,0
2024-02-21,894.3800000000001,518.36,260.28,106.6,0.0,1779.6200000000001,0.0,0.0,0.0,0.0,0.0,0.0,17.6,3.0,0.4,23.6,63.68,37.4,14.6643556,0.0157480314960629,False,0.28676570780318444,False,False,False,0
2024-02-22,901.61,412.28999999999996,276.51,124.32,0.0,1714.73,0.0,0.0,0.0,0.0,0.0,0.0,15.7,5.8,17.7,17.0,60.26,42.44,10.563307,0.6968503937007874,False,0.21930464252543508,False,False,False,0
2024-02-23,1249.02,465.96999999999997,355.35,60.4,0.0,2130.7400000000002,0.0,0.0,0.0,0.0,0.0,0.0,11.3,1.6,0.1,23.2,52.34,34.88,14.4158072,0.0039370078740157,False,0.6517977503416856,False,False,False,0
2024-02-24,1287.77,587.6800000000001,327.97,20.0,0.0,2223.42,0.0,0.0,0.0,0.0,0.0,0.0,2.6,-4.0,0.0,25.2,36.68,24.8,15.6585492,0.0,False,0.7481499083004126,False,False,False,0
2024-02-25,1307.8,618.7900000000001,333.5,33.9,12.99,2306.98,0.0,0.0,0.0,0.0,0.0,1.0,15.3,-1.5,0.0,20.4,59.540000000000006,29.3,12.6759684,0.0,False,0.8350207145048929,False,False,False,0
2024-02-26,1004.3399999999999,318.65,183.47,99.7,0.0,1606.1599999999999,0.0,0.0,0.0,0.0,0.0,0.0,20.7,1.7,0.0,29.8,69.25999999999999,35.06,18.5168558,0.0,False,0.10643289252997733,False,False,False,0
2024-02-27,994.6800000000001,455.93,234.8,68.4,0.0,1753.8100000000002,0.0,0.0,0.0,0.0,0.0,0.0,23.1,12.1,0.0,33.2,73.58,53.78,20.6295172,0.0,False,0.259933066489905,False,False,False,0
2024-02-28,920.45,464.59000000000003,215.86,238.1,10.45,1849.45,0.0,0.0,0.0,0.0,0.0,0.0,15.3,-5.8,0.1,33.1,59.540000000000006,21.56,20.5673801,0.0039370078740157,False,0.3593625052811507,False,False,False,0
2024-02-29,1116.24,499.05,306.51,129.6,32.99,2084.39,0.0,0.0,0.0,0.0,0.0,0.0,6.7,-6.2,0.0,17.0,44.06,20.84,10.563307,0.0,False,0.6036112751432929,False,False,False,0
2024-03-01,1067.74,470.08,330.03999999999996,0.0,11.99,1879.85,0.0,0.0,0.0,0.0,0.0,0.0,6.3,-2.0,0.9,15.6,43.34,28.4,9.6933876,0.0354330708661417,False,0.3909670111286398,False,False,False,0
2024-03-02,1507.5600000000002,918.97,380.43,0.0,54.95,2861.91,0.0,0.0,0.0,0.0,0.0,0.0,13.6,-0.4,0.0,21.2,56.48,31.28,13.1730652,0.0,False,1.4119380970689461,False,False,False,0
2024-03-03,1759.33,1104.29,402.21,0.0,57.43,3323.2599999999998,0.0,0.0,0.0,0.0,0.0,0.0,20.0,5.2,0.0,30.1,68.0,41.36,18.7032671,0.0,False,1.891567661961682,False,False,False,0
2024-03-04,975.8199999999999,716.4300000000001,248.76,36.76,0.0,1977.77,0.0,0.0,0.0,0.0,0.0,0.0,23.5,12.1,0.6,33.9,74.3,53.78,21.0644769,0.0236220472440944,False,0.4927667878584474,False,False,False,0
2024-03-05,1011.7800000000001,542.54,288.14,24.0,0.0,1866.46,0.0,0.0,0.0,0.0,0.0,0.0,17.1,6.5,7.0,19.9,62.78,43.7,12.3652829,0.2755905511811024,False,0.3770464738491044,False,False,False,0
2024-03-06,1096.19,792.48,292.19,0.0,12.99,2193.85,0.0,0.0,0.0,0.0,0.0,0.0,13.7,3.4,0.0,21.7,56.66,38.12,13.4837507,0.0,False,0.7174082886323119,False,False,False,0
2024-03-07,1087.93,824.44,391.49,0.0,17.439999999999998,2321.3,0.0,0.0,0.0,0.0,0.0,1.0,13.6,3.5,0.0,18.2,56.48,38.3,11.3089522,0.0,False,0.8499081001541051,False,False,False,0
2024-03-08,539.99,434.19,207.89,0.0,0.0,1182.0700000000002,0.0,0.0,0.0,0.0,0.0,0.0,13.4,8.0,15.0,20.4,56.120000000000005,46.4,12.6759684,0.5905511811023623,False,-0.3344603602615264,False,False,False,0
2024-03-09,555.12,263.55,198.15,0.0,11.99,1028.81,1.0,0.0,0.0,0.0,0.0,0.0,8.4,2.9,0.0,24.9,47.120000000000005,37.22,15.4721379,0.0,False,-0.49379281309659917,False,False,False,0
2024-03-10,388.92,113.0,116.76,4.0,0.0,622.6800000000001,0.0,0.0,0.0,0.0,1.0,0.0,8.0,-2.1,0.0,21.9,46.4,28.22,13.608024899999998,0.0,False,-0.9160144565124154,False,False,False,0
2024-03-11,389.67999999999995,174.0,93.83,0.0,0.0,657.51,0.0,0.0,0.0,0.0,0.0,0.0,16.6,-1.4,0.0,26.3,61.88,29.48,16.3420573,0.0,False,-0.8798044256351769,False,False,False,0
2024-03-12,325.09000000000003,143.31,127.67,0.0,0.0,596.07,0.0,0.0,0.0,0.0,0.0,0.0,19.5,6.1,0.0,24.3,67.1,42.98,15.0993153,0.0,False,-0.9436787953479973,False,False,False,0
2024-03-13,361.40999999999997,104.3,48.34,0.0,0.0,514.05,0.0,0.0,0.0,0.0,0.0,0.0,21.2,9.7,0.0,22.5,70.16,49.46,13.9808475,0.0,False,-1.0289485838220458,False,False,False,0
2024-03-14,331.64,108.52000000000001,90.09,26.7,0.0,556.95,0.0,0.0,0.0,0.0,0.0,0.0,22.1,8.3,31.5,33.8,71.78,46.94,21.0023398,1.2401574803149606,False,-0.9843488041885822,False,False,False,0
2024-03-15,423.1,123.1,126.2,0.0,84.99000000000001,757.3900000000001,0.0,0.0,0.0,0.0,0.0,0.0,14.1,5.2,0.0,23.2,57.38,41.36,14.4158072,0.0,False,-0.7759669899757285,False,False,False,0
2024-03-16,558.61,170.26,116.41,0.0,0.0,845.28,0.0,0.0,0.0,0.0,0.0,0.0,17.1,4.0,0.0,41.8,62.78,39.2,25.9733078,0.0,False,-0.6845946209317868,False,False,False,0
2024-03-17,556.1899999999999,274.42,191.39,30.0,0.0,1052.0,1.0,0.0,0.0,0.0,1.0,0.0,5.7,-0.2,0.0,26.8,42.260000000000005,31.64,16.652742800000002,0.0,False,-0.4696839811688598,False,False,False,0
2024-03-18,822.05,594.52,223.29,0.0,0.0,1639.86,0.0,0.0,0.0,0.0,0.0,0.0,2.7,-3.7,0.0,25.0,36.86,25.34,15.534275,0.0,False,0.14146815065696383,False,False,False,0
2024-03-19,916.18,680.47,229.01,0.0,0.0,1825.66,0.0,0.0,0.0,0.0,0.0,0.0,13.5,-3.6,0.0,32.2,56.3,25.52,20.0081462,0.0,False,0.33462990021168465,False,False,False,0
2024-03-20,911.9100000000001,738.16,293.9,0.0,0.0,1943.9700000000003,0.0,0.0,0.0,0.0,0.0,0.0,8.7,-0.7,0.0,22.4,47.66,30.74,13.9187104,0.0,False,0.45762756754117345,False,False,False,0
2024-03-21,986.46,930.4100000000001,312.55,33.71,12.99,2276.12,0.0,0.0,0.0,0.0,0.0,0.0,7.4,-2.5,0.0,16.2,45.32,27.5,10.0662102,0.0,False,0.8029379825820797,False,False,False,0
2024-03-22,950.83,819.34,347.14,250.0,30.0,2397.31,0.0,0.0,0.0,0.0,0.0,0.0,13.9,-0.6,0.9,31.3,57.02,30.92,19.4489123,0.0354330708661417,False,0.9289297609918569,False,False,False,0
2024-03-23,1212.34,821.95,384.15,44.97,0.0,2463.41,0.0,0.0,0.0,0.0,0.0,0.0,7.3,0.4,0.0,25.1,45.14,32.72,15.5964121,0.0,False,0.9976487687720884,False,False,False,0
2024-03-24,1240.04,777.35,326.48,0.9,42.99,2387.7599999999998,0.0,0.0,0.0,0.0,0.0,0.0,11.1,-0.8,0.0,25.2,51.98,30.56,15.6585492,0.0,False,0.9190013718193724,False,False,False,0
2024-03-25,1117.02,822.91,256.33000000000004,101.41,11.99,2309.6599999999994,0.0,0.0,0.0,0.0,0.0,0.0,16.4,8.2,10.5,36.1,61.52,46.76,22.4314931,0.4133858267716536,False,0.8378069012046052,False,False,False,0
2024-03-26,899.89,752.49,264.66999999999996,0.0,0.0,1917.0500000000002,0.0,0.0,0.0,0.0,0.0,0.0,12.1,3.2,2.3,36.6,53.78,37.76,22.742178600000003,0.0905511811023622,False,0.42964094591569935,False,False,False,0
2024-03-27,1085.91,663.27,305.31,0.0,0.0,2054.4900000000002,0.0,0.0,0.0,0.0,0.0,0.0,7.8,0.1,0.0,22.0,46.04,32.18,13.670162,0.0,False,0.572526580247243,False,False,False,0
2024-03-28,1233.97,804.67,367.37,0.0,0.0,2406.0099999999998,0.0,0.0,0.0,0.0,0.0,0.0,14.6,-2.1,0.0,24.3,58.28,28.22,15.0993153,0.0,False,0.9379744715468947,False,False,False,0
2024-03-29,1075.01,946.3100000000001,290.44,0.0,0.0,2311.76,0.0,0.0,0.0,0.0,0.0,0.0,19.5,1.3,4.6,26.3,67.1,34.34,16.3420573,0.1811023622047244,False,0.8399901072006497,False,False,False,0
2024-03-30,1100.99,769.37,322.69,0.0,0.0,2193.05,0.0,0.0,0.0,0.0,0.0,0.0,20.9,9.3,7.4,28.1,69.62,48.74,17.4605251,0.2913385826771654,False,0.7165765911100098,False,False,False,0
2024-03-31,1058.02,628.86,360.86,0.0,83.99,2131.73,0.0,0.0,0.0,0.0,1.0,0.0,17.7,4.9,0.3,18.6,63.86,40.82,11.5575006,0.0118110236220472,False,0.6528269760255345,False,False,False,0
2024-04-01,1032.54,649.92,252.88,8.55,34.0,1977.89,0.0,0.0,0.0,0.0,1.0,0.0,19.7,9.4,9.6,16.3,67.46,48.92,10.1283473,0.3779527559055118,False,0.4928915424867929,False,False,False,0
2024-04-02,1088.4,650.64,270.88,0.0,38.99,2048.91,0.0,0.0,0.0,0.0,0.0,0.0,18.8,3.6,15.1,40.2,65.84,38.48,24.9791142,0.594488188976378,False,0.5667254900291837,False,False,False,0
2024-04-03,1039.86,479.84000000000003,309.55,0.0,75.12,1904.37,0.0,0.0,0.0,0.0,0.0,0.0,3.7,1.5,5.2,33.8,38.66,34.7,21.0023398,0.2047244094488189,False,0.4164585401872068,False,False,False,0
2024-04-04,940.73,620.0,271.53,0.0,12.0,1844.26,0.0,0.0,1.0,0.0,0.0,0.0,4.6,1.4,2.7,26.2,40.28,34.52,16.2799202,0.1062992125984252,False,0.3539668676052142,False,False,False,0
2024-04-05,1451.5600000000002,469.13,329.48,0.0,20.0,2270.17,0.0,0.0,0.0,0.0,0.0,0.0,8.7,-0.2,0.0,20.3,47.66,31.64,12.6138313,0.0,False,0.7967522322599562,False,False,False,0
2024-04-06,1576.8500000000001,719.06,502.67,0.0,11.99,2810.5699999999997,0.0,0.0,0.0,0.0,0.0,0.0,12.5,-1.8,0.0,15.9,54.5,28.76,9.8797989,0.0,False,1.3585639085751926,False,False,False,0
2024-04-07,1278.7,558.48,382.11,6.04,5.0,2230.33,0.0,1.0,1.0,0.0,0.0,0.0,14.8,5.6,16.1,36.2,58.64,42.08,22.4936302,0.6338582677165355,False,0.755333695649299,False,False,False,0
2024-04-08,1193.8,614.06,251.4,0.0,16.0,2075.2599999999998,0.0,0.0,0.0,0.0,0.0,0.0,22.8,8.9,0.0,20.1,73.04,48.02,12.4895571,0.0,False,0.5941195271700173,False,False,False,0
2024-04-09,1347.91,661.47,376.93,2.0,31.98,2420.29,0.0,0.0,0.0,0.0,1.0,0.0,19.3,10.1,0.0,19.8,66.74000000000001,50.18,12.3031458,0.0,False,0.9528202723199919,False,False,False,0
2024-04-10,1012.8,647.5,341.28,1.5,82.0,2085.08,0.0,0.0,0.0,0.0,1.0,0.0,16.8,9.1,4.8,18.3,62.24,48.38,11.3710893,0.1889763779527559,False,0.6043286142562787,False,False,False,0
2024-04-11,1301.01,670.92,369.12,0.0,12.0,2353.0499999999997,0.0,0.0,0.0,0.0,0.0,0.0,15.7,9.7,18.0,26.4,60.26,49.46,16.404194399999998,0.7086614173228347,False,0.8829160955704791,False,False,False,0
2024-04-12,1338.55,651.91,463.4,100.0,31.0,2584.86,0.0,0.0,0.0,0.0,0.0,0.0,16.5,7.3,3.5,36.6,61.7,45.14,22.742178600000003,0.1377952755905512,False,1.123910848876614,False,False,False,0
2024-04-13,2325.1,825.91,787.03,626.7,11.99,4576.73,0.0,0.0,0.0,0.0,0.0,0.0,20.5,5.5,0.0,23.9,68.9,41.9,14.8507669,0.0,True,3.1947025285620887,True,False,False,1
2024-04-14,1964.99,780.3299999999999,693.21,333.0,46.0,3817.5299999999997,0.0,0.0,0.0,0.0,0.0,0.0,25.8,16.4,0.0,25.2,78.44,61.52,15.6585492,0.0,False,2.4054215798971597,False,False,False,0
2024-04-15,1228.29,643.4200000000001,256.86,27.1,15.0,2170.67,0.0,0.0,0.0,0.0,0.0,0.0,24.3,12.4,0.0,18.2,75.74000000000001,54.32,11.3089522,0.0,False,0.6933098529236015,False,False,False,0
2024-04-16,1303.6499999999999,732.74,370.65,7.5,12.99,2427.5299999999997,0.0,0.0,0.0,0.0,0.0,0.0,26.4,14.2,2.0,37.3,79.52,57.56,23.1771383,0.0787401574803149,False,0.9603471348968279,False,False,False,0
2024-04-17,1046.5,654.66,342.68,394.76,5.0,2443.6,0.0,0.0,1.0,0.0,0.0,0.0,20.3,12.7,0.4,39.1,68.54,54.86,24.2956061,0.0157480314960629,False,0.9770538588760765,False,False,False,0
2024-04-18,1182.65,637.34,301.5,0.0,0.0,2121.4900000000002,0.0,0.0,0.0,0.0,0.0,0.0,22.2,8.3,17.4,29.1,71.96,46.94,18.0818961,0.6850393700787402,False,0.6421812477400647,False,False,False,0
2024-04-19,1199.4,586.05,378.79,0.0,12.0,2176.2400000000002,0.0,0.0,0.0,0.0,0.0,0.0,13.9,5.9,0.6,24.3,57.02,42.620000000000005,15.0993153,0.0236220472440944,False,0.6991005469226318,False,False,False,0
2024-04-20,1848.58,641.5,599.77,8.97,16.0,3114.8199999999997,0.0,0.0,1.0,0.0,0.0,0.0,10.4,3.1,0.0,22.6,50.72,37.58,14.0429846,0.0,False,1.6748688725258047,False,False,False,0
2024-04-21,1437.8400000000001,619.87,456.22,12.5,56.0,2582.4300000000003,0.0,0.0,0.0,0.0,0.0,0.0,12.9,0.1,0.0,17.4,55.22,32.18,10.8118554,0.0,False,1.1213845676526208,False,False,False,0
2024-04-22,1460.1299999999999,498.42,326.18,24.400000000000002,26.990000000000002,2336.12,0.0,0.0,0.0,0.0,1.0,0.0,17.1,3.6,0.0,24.4,62.78,38.48,15.1614524,0.0,False,0.8653152967547558,False,False,False,0
2024-04-23,844.0,382.33000000000004,292.53999999999996,0.0,0.0,1518.87,0.0,0.0,0.0,0.0,0.0,0.0,14.4,10.5,11.0,25.8,57.92,50.9,16.031371800000002,0.4330708661417323,False,0.015684296627762297,False,False,False,0
2024-04-24,1401.41,469.21,312.46000000000004,5.0,102.96000000000001,2291.04,0.0,0.0,0.0,0.0,1.0,0.0,13.0,3.3,0.0,18.5,55.4,37.94,11.4953635,0.0,False,0.8184491413730186,False,False,False,0
2024-04-25,1390.92,531.34,339.86,50.45,0.0,2312.57,0.0,0.0,0.0,0.0,0.0,0.0,14.8,0.0,0.0,16.6,58.64,32.0,10.3147586,0.0,False,0.8408322009419807,False,False,False,0
2024-04-26,1160.6000000000001,429.14,386.86,5.9,59.0,2041.5000000000005,0.0,0.0,0.0,0.0,0.0,0.0,19.2,6.9,5.8,29.5,66.56,44.42,18.3304445,0.2283464566929134,False,0.5590218917288589,False,False,False,0
2024-04-27,1618.58,666.6999999999999,465.63,0.0,51.99,2802.8999999999996,0.0,0.0,0.0,0.0,0.0,0.0,26.3,16.6,16.7,33.2,79.34,61.88,20.6295172,0.65748031496063,False,1.3505900085801188,False,False,False,0
2024-04-28,1397.9,578.99,522.45,6.6,62.0,2567.94,0.0,0.0,0.0,0.0,0.0,0.0,26.6,17.2,8.8,37.8,79.88,62.96,23.4878238,0.3464566929133859,False,1.1063204462799192,False,False,False,0
2024-04-29,1392.4099999999999,551.04,283.11,804.2,20.0,3050.76,0.0,0.0,0.0,0.0,0.0,0.0,22.5,14.7,14.6,26.3,72.5,58.46,16.3420573,0.5748031496062992,False,1.6082706934274447,False,False,False,0
2024-04-30,1642.2900000000002,699.6,308.01,0.0,11.99,2661.8900000000003,0.0,0.0,0.0,0.0,0.0,0.0,23.8,9.7,0.0,18.8,74.84,49.46,11.6817748,0.0,False,1.2039929240553018,False,False,False,0
2024-05-01,1771.23,596.0,403.32,0.0,0.0,2770.55,1.0,0.0,0.0,0.0,0.0,0.0,24.9,14.2,0.9,20.3,76.82,57.56,12.6138313,0.0354330708661417,False,1.3169582400220181,False,False,False,0
2024-05-02,1483.22,616.59,376.78,1.5,49.14,2527.23,1.0,0.0,0.0,0.0,0.0,0.0,27.9,14.0,3.7,23.6,82.22,57.2,14.6643556,0.1456692913385827,False,1.0639974386137585,False,False,False,0
2024-05-03,1351.6200000000001,680.23,347.16999999999996,0.0,34.0,2413.02,1.0,0.0,0.0,0.0,0.0,0.0,23.0,14.6,0.8,17.1,73.4,58.28,10.6254441,0.0314960629921259,False,0.9452622210860693,False,False,False,0
2024-05-04,1590.9,685.5999999999999,477.96,0.0,40.0,2794.46,0.0,0.0,1.0,0.0,1.0,0.0,26.5,12.3,2.0,15.4,79.7,54.14,9.5691134,0.0787401574803149,False,1.3418155997198293,False,False,False,0
2024-05-05,1570.81,601.19,516.15,0.0,42.0,2730.15,0.0,0.0,0.0,0.0,0.0,0.0,21.4,11.5,0.0,18.7,70.52,52.7,11.6196377,0.0,False,1.2749575151457493,False,False,False,0
2024-05-06,1489.87,622.83,302.97,20.72,57.0,2493.39,0.0,0.0,0.0,0.0,0.0,0.0,24.9,12.5,0.8,14.7,76.82,54.5,9.1341537,0.0314960629921259,False,1.028816633420369,False,False,False,0
2024-05-07,1566.61,617.51,449.66,44.0,40.99,2718.7699999999995,0.0,0.0,0.0,0.0,0.0,0.0,26.3,16.2,12.4,30.9,79.34,61.16,19.2003639,0.4881889763779528,False,1.263126617890998,False,False,False,0
2024-05-08,1311.68,583.08,383.94,0.0,30.0,2308.7000000000003,0.0,0.0,0.0,0.0,0.0,0.0,25.9,10.8,3.1,16.4,78.62,51.44,10.1904844,0.1220472440944882,False,0.8368088641778433,False,False,False,0
2024-05-09,1343.6399999999999,641.3,460.95,6.6,64.98,2517.47,0.0,0.0,0.0,0.0,0.0,0.0,22.3,12.3,32.9,20.9,72.14,54.14,12.9866539,1.295275590551181,False,1.0538507288416696,False,False,False,0
2024-05-10,2100.65,816.4599999999999,495.69,0.0,21.0,3433.8,1.0,0.0,0.0,0.0,0.0,0.0,18.8,9.2,0.2,17.3,65.84,48.56,10.7497183,0.0078740157480314,False,2.0064874671058095,False,False,False,0
2024-05-11,2506.5299999999997,785.61,786.5,19.65,69.0,4167.29,1.0,0.0,0.0,0.0,0.0,0.0,21.0,11.9,0.0,26.7,69.8,53.42,16.5906057,0.0,False,2.769039736647747,False,False,False,0
2024-05-12,2584.82,619.03,743.52,18.9,50.980000000000004,4017.2500000000005,0.0,0.0,0.0,0.0,1.0,0.0,25.1,9.2,0.0,17.7,77.18,48.56,10.9982667,0.0,False,2.613054866339942,False,False,False,0
2024-05-13,1065.21,302.0,296.01,16.5,64.96000000000001,1744.68,0.0,0.0,0.0,0.0,0.0,0.0,23.7,14.7,6.9,17.4,74.66,58.46,10.8118554,0.2716535433070866,False,0.2504413185166293,False,False,False,0
2024-05-14,763.1899999999999,283.99,215.51,0.0,28.0,1290.6899999999998,0.0,0.0,0.0,0.0,0.0,0.0,20.6,13.8,2.4,20.0,69.08,56.84,12.42742,0.0944881889763779,False,-0.22153662917092531,False,False,False,0
2024-05-15,686.99,161.69,170.73,0.0,0.0,1019.4100000000001,0.0,0.0,0.0,0.0,0.0,0.0,22.2,13.0,0.3,20.9,71.96,55.4,12.9866539,0.0118110236220472,False,-0.5035652589836517,False,False,False,0
2024-05-16,490.1,150.8,163.38,0.0,0.0,804.2800000000001,0.0,0.0,0.0,0.0,0.0,0.0,22.5,11.0,7.2,19.2,72.5,51.8,11.9303232,0.2834645669291338,False,-0.7272191189497821,False,False,False,0
2024-05-17,582.61,188.39,128.31,0.0,14.0,913.31,0.0,0.0,0.0,0.0,0.0,0.0,24.7,14.5,0.2,11.3,76.46,58.1,7.0214923,0.0078740157480314,False,-0.6138691428790009,False,False,False,0
2024-05-18,670.49,210.29000000000002,133.56,0.0,24.0,1038.34,0.0,0.0,0.0,0.0,0.0,0.0,26.9,15.1,0.1,9.3,80.42,59.18,5.7787503000000005,0.0039370078740157,False,-0.48388521636217247,False,False,False,0
2024-05-19,556.49,185.73000000000002,120.94,0.0,0.0,863.1600000000001,0.0,0.0,0.0,0.0,0.0,0.0,29.5,18.1,0.2,20.1,85.1,64.58,12.4895571,0.0078740157480314,False,-0.6660061813083292,False,False,False,0
2024-05-20,581.8100000000001,203.43,141.8,0.0,61.0,988.04,0.0,0.0,0.0,0.0,0.0,0.0,29.4,17.9,0.2,24.3,84.91999999999999,64.22,15.0993153,0.0078740157480314,False,-0.5361781980769327,False,False,False,0
2024-05-21,440.25,144.99,132.76999999999998,0.0,0.0,718.01,0.0,0.0,0.0,0.0,0.0,0.0,30.8,18.1,0.5,35.0,87.44,64.58,21.747985,0.0196850393700787,False,-0.8169073005110618,False,False,False,0
2024-05-22,558.4300000000001,144.57,140.72,0.0,0.0,843.72,0.0,0.0,0.0,0.0,0.0,0.0,24.2,14.9,0.2,33.3,75.56,58.82,20.6916543,0.0078740157480314,False,-0.6862164311002764,False,False,False,0
2024-05-23,430.9,190.76000000000002,110.06,0.0,0.0,731.72,0.0,0.0,0.0,0.0,0.0,0.0,26.0,12.2,0.1,17.6,78.8,53.96,10.9361296,0.0039370078740157,False,-0.8026540842226052,False,False,False,0
2024-05-24,402.61999999999995,138.75,148.61,0.0,0.0,689.9799999999999,0.0,0.0,0.0,0.0,0.0,0.0,26.8,17.6,6.6,35.7,80.24000000000001,63.68,22.182944700000004,0.2598425196850393,False,-0.8460479024487304,False,False,False,0
2024-05-25,437.61,175.70999999999998,142.18,0.0,0.0,755.5,0.0,0.0,0.0,0.0,0.0,0.0,24.0,15.4,1.2,23.7,75.2,59.72,14.7264927,0.0472440944881889,False,-0.7779318753721679,False,False,False,0
2024-05-26,533.41,198.73,160.73000000000002,0.0,0.0,892.87,0.0,0.0,0.0,0.0,0.0,0.0,26.3,15.8,18.7,26.1,79.34,60.440000000000005,16.217783100000002,0.7362204724409449,False,-0.6351190145738258,False,False,False,0
2024-05-27,588.01,247.32999999999998,180.42,0.0,12.0,1027.7599999999998,0.0,0.0,0.0,1.0,0.0,0.0,23.5,13.5,1.6,24.7,74.3,56.3,15.3478637,0.0629921259842519,False,-0.4948844160946212,False,False,True,1
2024-05-28,526.65,200.81,145.79000000000002,0.0,0.0,873.25,0.0,0.0,0.0,0.0,0.0,0.0,22.6,13.3,1.0,26.1,72.68,55.94,16.217783100000002,0.0393700787401574,False,-0.655516396308291,False,False,False,0
2024-05-29,433.46,143.09,143.88,0.0,12.99,733.42,0.0,0.0,0.0,0.0,0.0,0.0,20.9,11.3,0.0,20.9,69.62,52.34,12.9866539,0.0,False,-0.8008867269877128,False,False,False,0
2024-05-30,476.62,169.27,115.43,11.0,0.0,772.3199999999999,0.0,0.0,0.0,0.0,0.0,0.0,22.4,9.6,0.0,11.1,72.32,49.28,6.8972181,0.0,False,-0.7604454349657611,False,False,False,0
2024-05-31,512.3000000000001,166.22,167.09,3.7,121.14,970.4500000000002,0.0,0.0,0.0,0.0,0.0,0.0,24.6,11.7,0.0,18.4,76.28,53.06,11.4332264,0.0,False,-0.5544651473485553,False,False,False,0
2024-06-01,365.03999999999996,123.6,98.18,30.0,0.0,616.8199999999999,0.0,0.0,0.0,0.0,0.0,0.0,22.0,15.3,9.1,27.0,71.6,59.540000000000006,16.777017,0.3582677165354331,False,-0.9221066408632802,False,False,False,0
2024-06-02,392.43,163.42,142.84,0.0,5.0,703.69,0.0,0.0,0.0,0.0,0.0,0.0,23.6,16.4,0.0,14.0,74.48,61.52,8.699194,0.0,False,-0.8317946861602737,False,False,False,0
2024-06-03,498.59,175.99,93.02,0.0,0.0,767.5999999999999,0.0,0.0,0.0,0.0,0.0,0.0,28.8,15.2,0.0,18.7,83.84,59.36,11.6196377,0.0,False,-0.765352450347345,False,False,False,0
2024-06-04,587.3100000000001,177.3,146.3,0.0,0.0,910.9100000000001,0.0,0.0,0.0,0.0,0.0,0.0,27.8,19.3,3.1,24.0,82.04,66.74000000000001,14.912904,0.1220472440944882,False,-0.6163642354459078,False,False,False,0
2024-06-05,393.12,133.52,96.09,0.0,0.0,622.73,0.0,0.0,0.0,0.0,0.0,0.0,26.8,18.3,12.0,21.6,80.24000000000001,64.94,13.4216136,0.4724409448818898,False,-0.9159624754172716,False,False,False,0
2024-06-06,615.29,238.41,114.92,0.0,8.0,976.6199999999999,0.0,0.0,0.0,0.0,0.0,0.0,25.5,17.5,0.0,28.5,77.9,63.5,17.7090735,0.0,False,-0.5480506802077988,False,False,False,0
2024-06-07,578.15,143.15,122.38,6.04,15.0,864.7199999999999,0.0,0.0,0.0,0.0,0.0,0.0,26.0,15.0,0.0,25.8,78.8,59.0,16.031371800000002,0.0,False,-0.6643843711398398,False,False,False,0
2024-06-08,499.25,207.47,154.93,0.0,0.0,861.6500000000001,0.0,0.0,0.0,0.0,0.0,0.0,27.1,16.0,0.1,25.8,80.78,60.8,16.031371800000002,0.0039370078740157,False,-0.6675760103816749,False,False,False,0
2024-06-09,529.3199999999999,295.66,110.85,0.0,0.0,935.83,0.0,0.0,0.0,0.0,0.0,0.0,25.9,13.1,0.0,27.2,78.62,55.58,16.9012912,0.0,False,-0.5904568576261896,False,False,False,0
2024-06-10,539.23,150.82,162.07,0.0,0.0,852.1199999999999,1.0,0.0,0.0,0.0,0.0,0.0,21.0,12.5,0.2,18.6,69.8,54.5,11.5575006,0.0078740157480314,False,-0.6774836071161019,False,False,False,0
2024-06-11,617.49,254.45,218.57,0.0,0.0,1090.51,0.0,0.0,0.0,0.0,0.0,0.0,24.0,10.3,0.0,9.2,75.2,50.54,5.716613199999999,0.0,False,-0.4296481416890305,False,False,False,0
2024-06-12,597.61,140.4,122.32,39.6,42.99,942.92,0.0,0.0,0.0,0.0,0.0,0.0,29.6,16.2,0.1,20.6,85.28,61.16,12.8002426,0.0039370078740157,False,-0.5830859383347852,False,False,False,0
2024-06-13,516.99,153.41000000000003,159.16,0.0,0.0,829.5600000000001,0.0,0.0,0.0,0.0,0.0,0.0,32.3,19.4,10.6,24.7,90.14,66.92,15.3478637,0.4173228346456693,False,-0.7009374772450279,False,False,False,0
2024-06-14,524.6899999999999,276.02,127.22,0.0,81.0,1008.93,0.0,0.0,0.0,0.0,0.0,0.0,29.3,19.9,10.6,17.8,84.74,67.82,11.0604038,0.4173228346456693,False,-0.5144604965258126,False,False,False,0
2024-06-15,431.17999999999995,176.96,146.55,0.0,0.0,754.69,0.0,0.0,0.0,0.0,0.0,0.0,30.1,16.5,0.0,17.1,86.18,61.7,10.6254441,0.0,False,-0.778773969113499,False,False,False,0
2024-06-16,468.89,184.91,165.51999999999998,0.0,12.99,832.31,0.0,0.0,0.0,0.0,1.0,0.0,33.2,19.1,0.0,23.2,91.76,66.38,14.4158072,0.0,False,-0.6980785170121137,False,False,False,0
2024-06-17,575.3000000000001,139.82,90.22,12.0,0.0,817.3400000000001,0.0,0.0,0.0,0.0,0.0,0.0,34.1,23.5,0.0,25.9,93.38,74.3,16.0935089,0.0,False,-0.7136416568981963,False,False,False,0
2024-06-18,578.11,340.65,140.41,0.0,0.0,1059.17,0.0,0.0,0.0,0.0,0.0,0.0,31.3,22.7,1.5,28.1,88.34,72.86,17.4605251,0.0590551181102362,False,-0.4622298921252249,False,False,False,0
2024-06-19,666.41,367.26,180.20999999999998,0.0,0.0,1213.88,0.0,0.0,0.0,0.0,0.0,0.0,32.4,23.1,0.2,15.8,90.32,73.58,9.8176618,0.0078740157480314,False,-0.30138998753097934,False,False,True,1
2024-06-20,655.17,208.9,183.59,0.0,0.0,1047.6599999999999,0.0,0.0,0.0,0.0,0.0,0.0,32.9,22.2,0.0,10.7,91.22,71.96,6.648669699999999,0.0,False,-0.4741959402273502,False,False,False,0
2024-06-21,489.59,202.16,129.70999999999998,0.0,0.0,821.46,0.0,0.0,0.0,0.0,0.0,0.0,33.1,20.6,0.0,15.1,91.58,69.08,9.3827021,0.0,False,-0.7093584146583393,False,False,False,0
2024-06-22,641.72,232.55999999999997,205.97,20.0,49.14,1149.39,0.0,0.0,0.0,0.0,0.0,0.0,32.5,24.2,0.0,26.6,90.5,75.56,16.5284686,0.0,False,-0.36843520404757746,False,False,False,0
2024-06-23,416.3,244.25,168.93,0.0,0.0,829.48,0.0,0.0,0.0,0.0,0.0,0.0,30.3,22.5,0.9,25.6,86.53999999999999,72.5,15.9070976,0.0354330708661417,False,-0.7010206469972582,False,False,False,0
2024-06-24,672.37,99.53999999999999,73.03999999999999,369.38,0.0,1214.33,0.0,0.0,0.0,0.0,0.0,0.0,31.0,18.5,0.0,19.1,87.8,65.3,11.8681861,0.0,False,-0.30092215767468444,False,False,False,0
2024-06-25,522.3,204.27,158.2,4.0,13.0,901.77,0.0,0.0,0.0,0.0,0.0,0.0,32.9,23.8,0.1,22.8,91.22,74.84,14.1672588,0.0039370078740157,False,-0.6258663796382122,False,False,False,0
2024-06-26,572.75,281.32,147.0,30.0,45.0,1076.07,0.0,0.0,0.0,0.0,0.0,0.0,27.5,21.6,0.4,13.6,81.5,70.88,8.4506456,0.0157480314960629,False,-0.4446602819665879,False,False,False,0
2024-06-27,503.4,262.67,139.07999999999998,1.0,16.0,922.1499999999999,0.0,0.0,0.0,0.0,0.0,0.0,26.6,17.3,0.0,16.4,79.88,63.14,10.1904844,0.0,False,-0.60467888525756,False,False,False,0
2024-06-28,650.7,204.07,171.20999999999998,2.3,10.0,1038.28,0.0,0.0,0.0,0.0,0.0,0.0,29.7,19.4,0.1,19.8,85.46000000000001,66.92,12.3031458,0.0039370078740157,False,-0.4839475936763451,False,False,False,0
2024-06-29,555.4,257.88,188.15,12.0,15.0,1028.4299999999998,0.0,0.0,0.0,0.0,0.0,0.0,31.5,22.5,15.8,21.9,88.7,72.5,13.608024899999998,0.6220472440944883,False,-0.4941878694196929,False,False,False,0
2024-06-30,528.3100000000001,305.17,235.51,0.0,0.0,1068.99,0.0,0.0,0.0,0.0,0.0,0.0,23.8,14.8,0.0,19.8,74.84,58.64,12.3031458,0.0,False,-0.45202080503896364,False,False,False,0
2024-07-01,589.5,216.72,188.31,0.0,24.0,1018.53,0.0,0.0,0.0,0.0,0.0,0.0,23.6,11.6,0.0,16.0,74.48,52.88,9.941936,0.0,False,-0.5044801262581844,False,False,False,0
2024-07-02,539.18,161.99,125.2,26.3,0.0,852.67,0.0,0.0,0.0,0.0,0.0,0.0,30.0,16.2,0.0,21.3,86.0,61.16,13.2352023,0.0,False,-0.6769118150695189,False,False,False,0
2024-07-03,525.5300000000001,171.47,175.92000000000002,0.0,28.990000000000002,901.9100000000001,0.0,0.0,0.0,0.0,0.0,0.0,29.4,22.9,4.9,22.7,84.91999999999999,73.22,14.1051217,0.1929133858267716,False,-0.6257208325718092,False,False,False,0
2024-07-04,450.3,114.10000000000001,162.93,8.0,22.0,757.3299999999999,0.0,0.0,1.0,1.0,0.0,0.0,25.1,20.3,13.8,12.3,77.18,68.54,7.6428633,0.5433070866141733,False,-0.7760293672899014,False,False,True,1
2024-07-05,692.61,191.89000000000001,204.38,8.99,76.0,1173.8700000000001,0.0,0.0,0.0,0.0,0.0,0.0,27.2,19.3,0.2,24.5,80.96,66.74000000000001,15.2235895,0.0078740157480314,False,-0.34298525986512557,False,False,False,0
2024-07-06,687.03,241.88,154.11,0.0,0.0,1083.02,0.0,0.0,0.0,0.0,0.0,0.0,26.5,17.5,0.0,14.3,79.7,63.5,8.8856053,0.0,False,-0.4374349097415862,False,False,False,0
2024-07-07,664.5,264.95,166.22,0.0,0.0,1095.67,0.0,0.0,1.0,0.0,0.0,0.0,29.3,17.4,0.0,14.8,84.74,63.32,9.1962908,0.0,False,-0.42428369267018023,False,False,False,0
2024-07-08,405.11,217.25,93.82,0.0,20.0,736.1800000000001,0.0,0.0,0.0,0.0,0.0,0.0,29.4,20.5,7.7,21.7,84.91999999999999,68.9,13.4837507,0.3031496062992126,False,-0.7980173705357696,False,False,False,0
2024-07-09,435.2,152.96,127.72,2.0,0.0,717.88,0.0,0.0,0.0,0.0,0.0,0.0,22.9,19.9,59.1,26.3,73.22,67.82,16.3420573,2.3267716535433074,False,-0.8170424513584359,False,False,False,0
2024-07-10,595.3,238.79999999999998,181.82999999999998,0.0,0.0,1015.9299999999998,0.0,0.0,0.0,0.0,0.0,0.0,27.2,18.8,8.7,26.3,80.96,65.84,16.3420573,0.3425196850393701,False,-0.5071831432056672,False,False,False,0
2024-07-11,507.7,159.62,108.32,0.0,0.0,775.6399999999999,0.0,0.0,0.0,0.0,0.0,0.0,26.3,17.8,4.1,15.8,79.34,64.04,9.8176618,0.1614173228346456,False,-0.7569938902482064,False,False,False,0
2024-07-12,541.88,317.82,127.62,0.0,16.0,1003.32,0.0,0.0,0.0,0.0,0.0,0.0,28.5,17.8,0.3,6.8,83.3,64.04,4.2253228,0.0118110236220472,False,-0.5202927754009576,False,False,False,0
2024-07-13,587.21,378.67999999999995,152.39,0.0,0.0,1118.28,0.0,0.0,0.0,0.0,0.0,0.0,30.5,19.6,0.0,17.7,86.9,67.28,10.9982667,0.0,False,-0.4007778414461102,False,False,False,0
2024-07-14,441.04999999999995,282.37,167.31,0.0,0.0,890.73,0.0,0.0,0.0,0.0,0.0,0.0,31.6,23.2,11.3,25.8,88.88000000000001,73.75999999999999,16.031371800000002,0.4448818897637795,False,-0.6373438054459846,False,False,False,0
2024-07-15,458.71000000000004,236.71,116.05,24.3,60.0,895.77,0.0,0.0,0.0,0.0,0.0,0.0,32.6,23.8,8.1,28.3,90.68,74.84,17.5847993,0.3188976377952756,False,-0.6321041110554798,False,False,False,0
2024-07-16,424.09999999999997,229.66,157.38,30.0,15.0,856.14,0.0,0.0,0.0,0.0,0.0,0.0,29.8,21.9,1.1,27.9,85.64,71.42,17.3362509,0.0433070866141732,False,-0.6733043270665324,False,False,False,0
2024-07-17,704.91,234.93,197.32999999999998,0.0,15.0,1152.1699999999998,0.0,0.0,0.0,0.0,0.0,0.0,26.9,19.9,3.3,19.6,80.42,67.82,12.1788716,0.1299212598425196,False,-0.36554505515757707,False,False,False,0
2024-07-18,616.4,275.76,193.57,0.0,0.0,1085.73,0.0,0.0,0.0,0.0,0.0,0.0,22.8,15.9,0.0,16.5,73.04,60.62,10.2526215,0.0,False,-0.43461753438478695,False,False,False,0
2024-07-19,540.2099999999999,260.11,112.15,0.0,46.0,958.4699999999999,0.0,0.0,0.0,0.0,0.0,0.0,24.5,11.8,0.0,8.7,76.1,53.24,5.4059277,0.0,False,-0.5669198177450333,False,False,False,0
2024-07-20,535.21,171.26,149.99,0.0,0.0,856.46,0.0,0.0,0.0,0.0,0.0,0.0,24.9,14.9,0.0,9.0,76.82,58.82,5.592339,0.0,False,-0.6729716480576114,False,False,False,0
2024-07-21,562.34,314.51,187.69,0.0,0.0,1064.54,0.0,0.0,0.0,0.0,0.0,0.0,26.3,17.4,0.0,9.7,79.34,63.32,6.027298699999999,0.0,False,-0.4566471225067705,False,False,False,0
2024-07-22,516.52,187.51,182.47,0.0,20.0,906.5,0.0,0.0,0.0,0.0,0.0,0.0,27.0,15.9,0.5,8.2,80.6,60.62,5.0952422,0.0196850393700787,False,-0.6209489680375996,False,False,False,0
2024-07-23,459.1,197.09,150.76999999999998,0.0,0.0,806.96,0.0,0.0,0.0,0.0,0.0,0.0,27.9,17.7,1.3,14.3,82.22,63.86,8.8856053,0.0511811023622047,False,-0.7244329322500693,False,False,False,0
2024-07-24,667.05,204.16,219.48000000000002,0.0,0.0,1090.69,0.0,0.0,0.0,0.0,0.0,0.0,28.8,19.2,6.1,17.9,83.84,66.56,11.1225409,0.2401574803149606,False,-0.42946100974651236,False,False,False,0
2024-07-25,614.65,223.23000000000002,174.5,1.0,12.99,1026.37,0.0,0.0,0.0,0.0,0.0,0.0,27.0,18.2,0.2,13.4,80.6,64.75999999999999,8.326371400000001,0.0078740157480314,False,-0.4963294905396214,False,False,False,0
2024-07-26,653.8,171.13,162.57,445.0,252.99,1685.49,0.0,0.0,0.0,0.0,0.0,0.0,26.6,14.5,0.0,14.3,79.88,58.1,8.8856053,0.0,False,0.1889060980852842,False,False,False,0
2024-07-27,791.97,406.71999999999997,217.08,0.0,12.0,1427.77,0.0,0.0,0.0,0.0,0.0,0.0,28.7,16.0,0.0,12.4,83.66,60.8,7.7050004,0.0,False,-0.07902525872441762,False,False,False,0
2024-07-28,652.7,275.47,163.98000000000002,0.0,12.0,1104.15,0.0,0.0,0.0,0.0,0.0,0.0,29.1,21.5,12.4,17.0,84.38000000000001,70.7,10.563307,0.4881889763779528,False,-0.41546769893377533,False,False,False,0
2024-07-29,497.4,178.07,175.41,0.0,30.0,880.88,0.0,0.0,0.0,0.0,0.0,0.0,29.3,20.7,6.6,27.2,84.74,69.25999999999999,16.9012912,0.2598425196850393,False,-0.6475840811893323,False,False,False,0
2024-07-30,473.49,197.95999999999998,151.45,6.35,0.0,829.2500000000001,0.0,0.0,0.0,0.0,0.0,0.0,31.7,19.4,0.0,12.1,89.06,66.92,7.5185891,0.0,False,-0.70125976003492,False,False,False,0
2024-07-31,664.9,191.89999999999998,235.22,0.0,0.0,1092.02,0.0,0.0,0.0,0.0,0.0,0.0,30.9,21.8,6.2,22.2,87.61999999999999,71.24000000000001,13.7944362,0.2440944881889764,False,-0.4280783126156848,False,False,False,0
2024-08-01,469.40000000000003,168.39,138.85,0.0,28.0,804.64,1.0,0.0,0.0,0.0,0.0,0.0,30.4,22.8,5.3,18.8,86.72,73.04,11.6817748,0.2086614173228346,False,-0.7268448550647462,False,False,False,0
2024-08-02,661.5,156.52,153.34,20.0,13.0,1004.36,0.0,0.0,0.0,0.0,0.0,0.0,27.6,21.2,1.0,20.5,81.68,70.16,12.7381055,0.0393700787401574,False,-0.5192115686219647,False,False,False,0
2024-08-03,417.44000000000005,232.47,147.43,0.0,0.0,797.3400000000001,0.0,0.0,0.0,0.0,0.0,0.0,31.1,20.4,0.0,12.9,87.98,68.72,8.015685900000001,0.0,False,-0.734434094955755,False,False,False,0
2024-08-04,531.14,188.87,108.97,0.0,10.0,838.98,0.0,0.0,0.0,0.0,0.0,0.0,31.9,21.6,0.0,12.8,89.41999999999999,70.88,7.9535488,0.0,False,-0.6911442389199178,False,False,False,0
2024-08-05,306.5,79.81,72.95,0.0,0.0,459.26,0.0,0.0,0.0,0.0,0.0,0.0,33.4,22.9,0.0,14.2,92.12,73.22,8.823468199999999,0.0,False,-1.085909467880728,False,False,False,0
2024-08-06,280.0,94.24,102.27000000000001,0.0,0.0,476.51,0.0,0.0,0.0,0.0,0.0,0.0,31.6,20.6,0.5,26.0,88.88000000000001,69.08,16.155646,0.0196850393700787,False,-1.0679759900560835,False,False,False,0
2024-08-07,357.1,80.28999999999999,90.92,0.0,0.0,528.31,0.0,0.0,0.0,0.0,0.0,0.0,25.4,19.6,0.0,18.9,77.72,67.28,11.7439119,0.0,False,-1.0141235754870064,False,False,False,0
2024-08-08,290.3,103.74000000000001,96.22,0.0,15.0,505.26,0.0,0.0,0.0,0.0,0.0,0.0,27.5,16.4,0.0,14.5,81.5,61.52,9.0098795,0.0,False,-1.0380868603483429,False,False,False,0
2024-08-09,363.19,140.51999999999998,114.74000000000001,0.0,0.0,618.45,0.0,0.0,0.0,0.0,0.0,0.0,23.4,17.2,0.0,20.1,74.12,62.96,12.4895571,0.0,False,-0.9204120571615891,False,False,False,0
2024-08-10,298.09999999999997,101.97,103.86,7.1,0.0,511.03,0.0,0.0,0.0,0.0,0.0,0.0,24.2,14.0,0.0,20.9,75.56,57.2,12.9866539,0.0,False,-1.0320882419687372,False,False,False,0
2024-08-11,433.91,113.09,133.32,0.0,0.0,680.3199999999999,0.0,0.0,0.0,0.0,0.0,0.0,25.6,14.0,0.0,16.6,78.08,57.2,10.3147586,0.0,False,-0.8560906500305313,False,False,False,0
2024-08-12,431.91,131.70000000000002,95.07,0.0,0.0,658.6800000000001,0.0,0.0,0.0,0.0,0.0,0.0,24.5,14.6,0.0,8.9,76.1,58.28,5.530201900000001,0.0,False,-0.8785880680088097,False,False,False,0
2024-08-13,0.0,0.0,0.0,0.0,0.0,0.0,0.0,0.0,0.0,0.0,0.0,0.0,26.8,16.1,0.0,10.4,80.24000000000001,60.98,6.4622584000000005,0.0,False,-1.563366222996449,False,False,False,0
2024-08-14,533.6,128.83,123.49,1.8,16.990000000000002,804.71,0.0,0.0,0.0,0.0,0.0,0.0,28.4,16.7,0.0,14.5,83.12,62.06,9.0098795,0.0,False,-0.7267720815315447,False,False,False,0
2024-08-15,351.4,130.54,100.03,0.0,12.99,594.9599999999999,0.0,0.0,0.0,0.0,0.0,0.0,27.6,19.9,14.3,24.0,81.68,67.82,14.912904,0.5629921259842521,False,-0.944832775660192,False,False,False,0
2024-08-16,653.01,259.06,103.93,0.0,29.0,1045.0,0.0,0.0,0.0,0.0,0.0,0.0,29.1,20.6,0.2,20.0,84.38000000000001,69.08,12.42742,0.0078740157480314,False,-0.47696133448900535,False,False,False,0
2024-08-17,600.3,296.82,189.13,0.0,15.0,1101.25,0.0,0.0,0.0,0.0,0.0,0.0,26.2,20.5,0.7,22.8,79.16,68.9,14.1672588,0.0275590551181102,False,-0.41848260245212143,False,False,False,0
2024-08-18,911.69,321.8,303.32,0.0,38.0,1574.81,0.0,0.0,0.0,0.0,0.0,0.0,25.7,18.9,0.3,23.8,78.25999999999999,66.02,14.7886298,0.0118110236220472,False,0.07384074587475412,False,False,False,0
2024-08-19,841.61,305.1,201.35,190.0,0.0,1538.06,0.0,0.0,0.0,0.0,0.0,0.0,24.4,16.5,0.0,23.1,75.92,61.7,14.3536701,0.0,False,0.03563464094398996,False,False,False,0
2024-08-20,962.8,298.37,302.67,6.4,12.99,1583.2300000000002,0.0,0.0,0.0,0.0,0.0,0.0,22.1,14.2,0.0,15.1,71.78,57.56,9.3827021,0.0,False,0.08259436229698666,False,False,False,0
2024-08-21,1166.6,393.84999999999997,317.71,0.0,12.0,1890.1599999999999,0.0,0.0,0.0,0.0,0.0,0.0,22.5,11.5,0.0,13.0,72.5,52.7,8.077823,0.0,False,0.4016855129473113,False,False,False,0
2024-08-22,1385.7,437.98,525.02,21.22,58.0,2427.9199999999996,0.0,0.0,0.0,0.0,0.0,0.0,23.9,11.8,0.0,11.5,75.02,53.24,7.1457665,0.0,False,0.9607525874389502,False,False,False,0
2024-08-23,1248.39,412.71,403.45000000000005,0.0,34.0,2098.55,0.0,0.0,0.0,0.0,0.0,0.0,27.4,12.3,0.0,9.7,81.32,54.14,6.027298699999999,0.0,False,0.6183323212880448,False,False,False,0
2024-08-24,1472.1,809.77,462.69,0.0,63.0,2807.56,0.0,0.0,0.0,0.0,0.0,0.0,31.3,18.6,0.0,16.1,88.34,65.48,10.0040731,0.0,False,1.3554346466475302,False,False,False,0
2024-08-25,1402.6899999999998,790.73,487.85,0.0,0.0,2681.27,0.0,0.0,0.0,0.0,0.0,0.0,31.5,21.6,0.0,19.2,88.7,70.88,11.9303232,0.0,False,1.2241407965330757,False,False,False,0
2024-08-26,1387.11,845.01,305.78999999999996,2.18,68.0,2608.0899999999997,1.0,0.0,0.0,0.0,0.0,0.0,33.4,23.1,0.0,18.2,92.12,73.58,11.3089522,0.0,False,1.148061265680468,False,False,False,0
2024-08-27,951.6899999999999,631.15,375.14,6.4,79.0,2043.38,0.0,0.0,0.0,0.0,0.0,0.0,34.5,23.8,2.6,16.1,94.1,74.84,10.0040731,0.1023622047244094,False,0.560976380906269,False,False,False,0
2024-08-28,1133.41,521.53,292.51,0.0,0.0,1947.45,0.0,0.0,0.0,0.0,0.0,0.0,30.0,21.5,0.0,12.6,86.0,70.7,7.8292746,0.0,False,0.4612454517631885,False,False,False,0
2024-08-29,1245.61,535.88,376.3,2.0,0.0,2159.79,0.0,0.0,0.0,0.0,0.0,0.0,31.1,20.7,0.0,10.5,87.98,69.25999999999999,6.5243955,0.0,False,0.6819987666202895,False,False,False,0
2024-08-30,1191.5,547.54,330.75,400.0,0.0,2469.79,0.0,0.0,0.0,0.0,0.0,0.0,32.7,23.1,10.3,15.9,90.86,73.58,9.8797989,0.4055118110236221,False,1.0042815565124497,False,False,False,0
2024-08-31,1437.21,678.98,369.78999999999996,4.5,33.32,2523.8,0.0,0.0,0.0,0.0,0.0,0.0,26.9,18.4,4.0,13.0,80.42,65.12,8.077823,0.1574803149606299,False,1.0604315354868874,False,False,False,0
2024-09-01,1383.9,689.48,442.76,0.5,0.0,2516.6400000000003,0.0,0.0,0.0,0.0,0.0,0.0,26.7,16.7,0.2,20.3,80.06,62.06,12.6138313,0.0078740157480314,False,1.0529878426622814,False,False,False,0
2024-09-02,1385.23,685.25,440.13,30.0,0.0,2540.61,0.0,0.0,0.0,1.0,0.0,0.0,22.8,13.5,0.0,18.5,73.04,56.3,11.4953635,0.0,False,1.0779075796742654,False,False,True,1
2024-09-03,1181.04,497.01,300.65999999999997,6.4,0.0,1985.1100000000001,0.0,0.0,0.0,0.0,0.0,0.0,23.0,12.3,0.0,14.1,73.4,54.14,8.7613311,0.0,False,0.5003976126255716,False,False,False,0
2024-09-04,1184.11,441.27,285.57,0.0,0.0,1910.9499999999998,0.0,0.0,0.0,0.0,0.0,0.0,27.5,12.1,0.0,11.2,81.5,53.78,6.9593552,0.0,False,0.4232992523081435,False,False,False,0
2024-09-05,1060.21,751.0600000000001,318.65,12.8,15.99,2158.71,0.0,0.0,0.0,0.0,0.0,0.0,29.6,19.6,0.5,16.6,85.28,67.28,10.3147586,0.0196850393700787,False,0.6808759749651813,False,False,False,0
2024-09-06,1152.26,912.9200000000001,375.81,7.0,41.32,2489.3100000000004,0.0,0.0,0.0,0.0,0.0,0.0,24.4,15.6,7.6,22.6,75.92,60.08,14.0429846,0.2992125984251969,False,1.0245749760566274,False,False,False,0
2024-09-07,1442.01,975.3,466.19,60.9,24.66,2969.06,0.0,0.0,0.0,0.0,0.0,0.0,19.1,11.4,0.0,21.4,66.38,52.52,13.297339399999998,0.0,False,1.523333583962317,False,False,False,0
2024-09-08,1228.82,909.6999999999999,425.29,0.0,103.45,2667.2599999999998,0.0,1.0,0.0,0.0,0.0,0.0,20.8,8.4,0.0,9.0,69.44,47.120000000000005,5.592339,0.0,False,1.2095756936737556,False,False,False,0
2024-09-09,1189.37,625.76,255.74,20.6,0.0,2091.47,0.0,1.0,0.0,0.0,0.0,0.0,23.8,10.3,0.0,12.6,74.84,50.54,7.8292746,0.0,False,0.6109717982156686,False,False,False,0
2024-09-10,853.42,934.35,278.24,3.5,42.0,2111.51,0.0,0.0,0.0,0.0,0.0,0.0,26.4,10.7,0.0,10.1,79.52,51.26,6.2758471,0.0,False,0.6318058211493429,False,False,False,0
2024-09-11,966.69,856.9399999999999,364.65999999999997,0.0,88.0,2276.29,0.0,0.0,0.0,0.0,0.0,0.0,28.8,13.3,0.0,10.7,83.84,55.94,6.648669699999999,0.0,False,0.803114718305569,False,False,False,0
2024-09-12,976.7199999999999,951.19,365.69,0.0,10.66,2304.2599999999998,0.0,0.0,0.0,0.0,0.0,0.0,29.4,15.0,0.0,15.0,84.91999999999999,59.0,9.320565,0.0,False,0.8321929429290646,False,False,False,0
2024-09-13,724.28,1027.98,348.22,25.9,18.0,2144.38,0.0,1.0,0.0,0.0,0.0,0.0,26.6,18.0,0.8,20.6,79.88,64.4,12.8002426,0.0314960629921259,False,0.6659781930969405,False,False,False,0
2024-09-14,833.59,1126.67,405.2,91.4,63.14,2520.0,0.0,1.0,0.0,0.0,0.0,0.0,30.0,18.2,0.0,15.6,86.0,64.75999999999999,9.6933876,0.0,False,1.056480972255951,False,False,False,0
2024-09-15,1227.3,1319.25,525.48,10.4,28.32,3110.7500000000005,0.0,0.0,0.0,0.0,0.0,0.0,29.7,18.9,0.0,14.8,85.46000000000001,66.02,9.1962908,0.0,False,1.6706376113810923,False,False,False,0
2024-09-16,875.51,808.64,311.8,0.0,12.99,2008.94,0.0,0.0,0.0,0.0,0.0,0.0,30.0,17.2,0.0,12.1,86.0,62.96,7.5185891,0.0,False,0.5251718025711528,False,False,False,0
2024-09-17,755.12,811.45,282.34000000000003,7.5,31.32,1887.7300000000002,0.0,0.0,0.0,0.0,0.0,0.0,29.1,15.5,0.0,11.0,84.38000000000001,59.9,6.835081,0.0,False,0.3991592317233183,False,False,False,0
2024-09-18,882.41,998.6899999999999,397.55,109.5,15.99,2404.14,0.0,0.0,0.0,0.0,0.0,0.0,29.2,14.7,0.0,8.7,84.56,58.46,5.4059277,0.0,False,0.9360303785885131,False,False,False,0
2024-09-19,873.29,846.49,329.89,0.0,66.0,2115.67,0.0,0.0,1.0,0.0,0.0,0.0,30.0,16.9,0.0,12.4,86.0,62.42,7.7050004,0.0,False,0.636130648265315,False,False,False,0
2024-09-20,860.19,1026.2,310.37,32.25,15.99,2245.0,0.0,0.0,0.0,0.0,0.0,0.0,30.8,20.2,0.1,16.7,87.44,68.36,10.3768957,0.0039370078740157,False,0.7705849489645185,False,False,False,0
2024-09-21,949.8,1098.09,384.84000000000003,25.85,18.0,2476.58,0.0,0.0,1.0,0.0,0.0,0.0,31.5,17.7,0.0,12.5,88.7,63.86,7.7671375,0.0,False,1.011340589232991,False,False,False,0
2024-09-22,849.63,1104.3700000000001,431.41,0.0,0.0,2385.41,0.0,0.0,0.0,0.0,0.0,0.0,25.0,19.8,5.1,21.0,77.0,67.64,13.048791,0.2007874015748031,False,0.9165582603476093,False,False,False,0
2024-09-23,860.6999999999999,786.67,297.75,0.0,0.0,1945.12,0.0,0.0,0.0,0.0,0.0,0.0,20.3,16.7,6.7,13.7,68.54,62.06,8.512782699999999,0.2637795275590551,False,0.4588231327294827,False,False,False,0
2024-09-24,845.7,722.48,272.22,15.0,0.0,1855.4,0.0,0.0,0.0,0.0,0.0,0.0,23.0,15.6,10.9,18.7,73.4,60.08,11.6196377,0.4291338582677165,False,0.3655482556032745,False,False,False,0
2024-09-25,914.31,802.02,289.0,0.0,26.0,2031.33,0.0,0.0,0.0,0.0,0.0,0.0,22.5,12.0,0.0,11.8,72.5,53.6,7.3321778,0.0,False,0.5484489369765897,False,False,False,0
2024-09-26,847.51,1114.27,417.92,7.0,22.0,2408.7,0.0,0.0,0.0,0.0,0.0,0.0,24.4,13.8,0.0,22.4,75.92,56.84,13.9187104,0.0,False,0.9407710544656365,False,False,False,0
2024-09-27,772.03,781.17,331.06,51.32,10.0,1945.5799999999997,0.0,0.0,0.0,0.0,0.0,0.0,20.8,16.4,22.1,46.3,69.44,61.52,28.7694773,0.8700787401574804,False,0.4593013588048064,False,False,False,0
2024-09-28,928.31,1318.53,410.96000000000004,0.01,0.0,2657.8100000000004,0.0,0.0,0.0,0.0,0.0,0.0,25.1,17.4,2.3,33.0,77.18,63.32,20.505243,0.0905511811023622,False,1.1997512666915597,False,False,False,0
2024-09-29,924.03,1082.4099999999999,401.29,0.0,18.0,2425.73,0.0,0.0,0.0,0.0,1.0,0.0,24.7,17.7,0.1,23.3,76.46,63.86,14.4779443,0.0039370078740157,False,0.9584758154716478,False,False,False,0
2024-09-30,377.9,357.9,156.68,0.0,0.0,892.48,0.0,0.0,0.0,0.0,0.0,0.0,23.9,17.3,0.4,14.1,75.02,63.14,8.7613311,0.0157480314960629,False,-0.6355244671159482,False,False,False,0
2024-10-01,0.0,0.0,0.0,0.0,0.0,0.0,0.0,0.0,0.0,0.0,0.0,0.0,21.6,13.1,0.0,23.5,70.88,55.58,14.6022185,0.0,False,-1.563366222996449,False,False,False,0
2024-10-02,0.0,0.0,0.0,0.0,0.0,0.0,0.0,0.0,0.0,0.0,1.0,0.0,19.6,7.8,0.0,11.6,67.28,46.04,7.2079036,0.0,False,-1.563366222996449,False,False,False,0
2024-10-03,0.0,0.0,0.0,0.0,0.0,0.0,0.0,0.0,0.0,0.0,0.0,0.0,23.3,9.2,0.0,11.3,73.94,48.56,7.0214923,0.0,False,-1.563366222996449,False,False,False,0
2024-10-04,968.12,1063.4,307.12,0.0,34.99,2373.6299999999997,0.0,0.0,0.0,0.0,0.0,0.0,23.9,11.5,0.0,17.4,75.02,52.7,10.8118554,0.0,False,0.904311514331707,False,False,False,0
2024-10-05,993.81,1127.2,477.2,0.0,33.78,2631.9900000000002,0.0,0.0,0.0,0.0,0.0,0.0,27.2,15.7,0.0,21.3,80.96,60.26,13.2352023,0.0,False,1.1729082291592512,False,False,False,0
2024-10-06,1020.2099999999999,1228.64,466.78,12.11,111.85,2839.59,0.0,0.0,0.0,0.0,0.0,0.0,24.5,14.7,0.0,25.9,76.1,58.46,16.0935089,0.0,False,1.3887337361967107,False,False,False,0
2024-10-07,940.8299999999999,967.66,375.16,121.0,59.03,2463.68,0.0,0.0,0.0,0.0,0.0,0.0,19.3,9.7,0.0,13.0,66.74000000000001,49.46,8.077823,0.0,False,0.9979294666858654,False,False,False,0
2024-10-08,988.87,1046.58,390.23,21.38,65.95,2513.0099999999998,0.0,0.0,0.0,0.0,0.0,0.0,21.0,7.3,0.0,11.4,69.8,45.14,7.0836294,0.0,False,1.049214015154834,False,False,False,0
2024-10-09,1015.3100000000001,1904.93,339.07,789.43,259.6,4308.34,0.0,0.0,0.0,0.0,0.0,0.0,23.7,9.7,0.0,10.2,74.66,49.46,6.337984199999999,0.0,False,2.91567840604868,False,False,False,0
2024-10-10,837.7900000000001,873.9300000000001,353.81,0.0,76.15,2141.6800000000003,0.0,0.0,0.0,0.0,0.0,0.0,23.5,9.9,0.0,11.2,74.3,49.82,6.9593552,0.0,False,0.6631712139591703,False,False,False,0
2024-10-11,947.14,1216.85,390.58,8.0,56.0,2618.5699999999997,0.0,0.0,0.0,0.0,0.0,0.0,25.6,11.2,0.0,17.4,78.08,52.16,10.8118554,0.0,False,1.1589565032226288,False,False,False,0
2024-10-12,1039.11,857.54,535.49,0.0,79.14,2511.2799999999997,0.0,0.0,0.0,0.0,0.0,0.0,27.2,14.7,0.0,24.5,80.96,58.46,15.2235895,0.0,False,1.047415469262855,False,False,False,0
2024-10-13,1266.31,1406.5,561.98,36.4,132.75,3403.94,0.0,0.0,0.0,0.0,0.0,0.0,21.5,11.4,0.0,33.9,70.7,52.52,21.0644769,0.0,False,1.9754443570858742,False,False,False,0
2024-10-14,894.83,715.62,324.83,0.0,25.259999999999998,1960.54,0.0,0.0,0.0,0.0,0.0,0.0,15.3,8.4,0.0,25.7,59.540000000000006,47.120000000000005,15.9692347,0.0,False,0.47485410247186055,False,False,True,1
2024-10-15,900.4200000000001,727.88,339.93,0.0,19.9,1988.1300000000003,0.0,0.0,0.0,0.0,0.0,0.0,11.4,4.4,1.6,30.3,52.52,39.92,18.8275413,0.0629921259842519,False,0.5035372707722632,False,False,False,0
2024-10-16,807.81,961.46,337.63,0.0,51.9,2158.8,0.0,0.0,0.0,0.0,0.0,0.0,13.6,2.7,0.0,14.8,56.48,36.86,9.1962908,0.0,False,0.6809695409364405,False,False,False,0
2024-10-17,936.71,940.95,379.2,0.0,80.9,2337.76,0.0,0.0,0.0,0.0,1.0,0.0,16.3,2.4,0.0,12.9,61.34,36.32,8.015685900000001,0.0,False,0.867020276675476,False,False,False,0
2024-10-18,1011.6,1016.52,377.25,45.5,12.7,2463.5699999999997,0.0,0.0,0.0,0.0,0.0,0.0,18.5,5.1,0.0,14.7,65.3,41.18,9.1341537,0.0,False,0.9978151082765487,False,False,False,0
2024-10-19,981.9,1153.98,485.09,0.0,19.4,2640.3700000000003,0.0,0.0,0.0,0.0,0.0,0.0,20.3,5.6,0.0,11.2,68.54,42.08,6.9593552,0.0,False,1.1816202607053685,False,False,False,0
2024-10-20,1106.47,1114.03,557.73,15.0,49.4,2842.63,0.0,0.0,0.0,0.0,0.0,0.0,22.8,7.9,0.0,14.0,73.04,46.22,8.699194,0.0,False,1.3918941867814596,False,False,False,0
2024-10-21,957.8000000000001,949.1999999999999,265.46,0.0,0.0,2172.46,0.0,0.0,0.0,0.0,0.0,0.0,24.5,9.9,0.0,16.0,76.1,49.82,9.941936,0.0,False,0.695170776129753,False,False,False,0
2024-10-22,888.11,803.01,394.82,22.37,49.6,2157.91,0.0,0.0,0.0,0.0,0.0,0.0,23.2,11.6,1.0,27.9,73.75999999999999,52.88,17.3362509,0.0393700787401574,False,0.6800442774428788,False,False,False,0
2024-10-23,890.3000000000001,779.9399999999999,343.88,0.0,13.2,2027.32,0.0,0.0,0.0,0.0,0.0,0.0,18.5,10.0,0.0,21.6,65.3,50.0,13.4216136,0.0,False,0.5442800531460491,False,False,False,0
2024-10-24,992.6899999999999,925.21,393.5,0.0,26.0,2337.4,0.0,0.0,0.0,0.0,0.0,0.0,17.4,4.8,0.0,17.3,63.32,40.64,10.7497183,0.0,False,0.8666460127904398,False,False,False,0
2024-10-25,1037.63,1077.12,368.40999999999997,13.65,20.0,2516.81,0.0,0.0,0.0,0.0,0.0,0.0,20.7,11.1,0.9,20.9,69.25999999999999,51.98,12.9866539,0.0354330708661417,False,1.0531645783857704,False,False,False,0
2024-10-26,1350.71,1439.51,583.79,0.0,38.1,3412.11,0.0,0.0,0.0,0.0,0.0,0.0,16.0,6.6,0.0,16.7,60.8,43.88,10.3768957,0.0,False,1.983938068032387,False,False,False,0
2024-10-27,1147.0,1307.66,426.7,8.65,25.98,2915.99,0.0,0.0,0.0,0.0,0.0,0.0,15.3,2.1,0.0,11.7,59.540000000000006,35.78,7.2700407,0.0,False,1.4681608495765848,False,False,False,0
2024-10-28,981.6999999999999,731.0600000000001,278.46,0.0,26.39,2017.6100000000001,0.0,0.0,0.0,0.0,0.0,0.0,20.4,5.6,0.0,27.5,68.72,42.08,17.0877025,0.0,False,0.5341853244691046,False,False,False,0
2024-10-29,954.0,813.87,366.88,5.5,32.45,2172.7,0.0,0.0,0.0,0.0,0.0,0.0,25.7,18.9,0.0,32.2,78.25999999999999,66.02,20.0081462,0.0,False,0.6954202853864434,False,False,False,0
2024-10-30,872.92,790.7,329.78,0.0,0.0,1993.3999999999999,0.0,0.0,0.0,0.0,0.0,0.0,25.1,18.4,0.0,31.5,77.18,65.12,19.5731865,0.0,False,0.5090160782004295,False,False,False,0
2024-10-31,942.26,801.2099999999999,364.38,0.0,14.1,2121.95,0.0,0.0,0.0,0.0,1.0,0.0,20.7,7.7,4.8,33.3,69.25999999999999,45.86,20.6916543,0.1889763779527559,False,0.6426594738153881,False,False,False,0
2024-11-01,867.6,1017.26,450.09000000000003,0.0,7.75,2342.7000000000003,0.0,1.0,0.0,0.0,0.0,0.0,12.6,3.4,0.0,14.8,54.68,38.12,9.1962908,0.0,False,0.8721560088756931,False,False,False,0
2024-11-02,1476.31,1311.0,698.4100000000001,0.0,52.1,3537.82,0.0,0.0,1.0,0.0,0.0,1.0,15.8,2.8,0.0,16.7,60.440000000000005,37.04,10.3768957,0.0,False,2.1146289374431726,False,False,False,0
2024-11-03,1193.58,916.62,453.48,0.0,40.3,2603.98,0.0,1.0,0.0,0.0,0.0,0.0,20.1,9.1,0.9,27.3,68.18,48.38,16.9634283,0.0354330708661417,False,1.1437884196596402,False,False,False,0
2024-11-04,715.7,528.9399999999999,253.27,0.0,7.2,1505.11,0.0,0.0,0.0,0.0,0.0,0.0,20.8,17.3,31.7,33.1,69.44,63.14,20.5673801,1.248031496062992,False,0.0013790992441619012,False,False,False,0
2024-11-05,828.3100000000001,465.28000000000003,419.89,147.6,0.0,1861.08,0.0,0.0,0.0,0.0,0.0,0.0,19.6,16.3,18.1,33.5,67.28,61.34,20.8159285,0.7125984251968505,False,0.37145330801162096,False,False,False,0
2024-11-06,915.41,941.04,418.5,100.0,0.0,2374.95,0.0,0.0,0.0,0.0,0.0,0.0,15.8,6.9,0.0,14.8,60.440000000000005,44.42,9.1962908,0.0,False,0.905683815243506,False,False,False,0
2024-11-07,1042.81,918.29,415.32,0.0,12.99,2389.41,0.0,0.0,0.0,0.0,0.0,0.0,13.5,5.6,0.0,13.2,56.3,42.08,8.202097199999999,0.0,False,0.9207167479591211,False,False,False,0
2024-11-08,925.9,851.66,358.91999999999996,111.79,0.0,2248.27,0.0,0.0,0.0,0.0,0.0,0.0,15.4,3.7,0.0,11.6,59.72,38.66,7.2079036,0.0,False,0.7739845125869292,False,False,False,0
2024-11-09,874.11,865.1,411.18,0.0,0.0,2150.39,0.0,0.0,0.0,0.0,0.0,0.0,13.2,6.5,3.0,18.4,55.76,43.7,11.4332264,0.1181102362204724,False,0.6722263207332367,False,False,False,0
2024-11-10,978.6600000000001,1161.44,415.45,14.5,132.0,2702.05,0.0,0.0,0.0,0.0,0.0,0.0,18.6,9.1,0.4,31.4,65.48,48.38,19.5110494,0.0157480314960629,False,1.2457441396748794,False,False,False,0
2024-11-11,1227.97,555.71,358.01,0.0,0.0,2141.69,0.0,0.0,0.0,1.0,0.0,0.0,15.2,5.9,0.0,21.9,59.36,42.620000000000005,13.608024899999998,0.0,False,0.6631816101781989,False,False,True,1
2024-11-12,1034.21,557.94,284.82,0.0,0.0,1876.97,0.0,0.0,0.0,0.0,0.0,0.0,9.9,2.7,0.0,16.8,49.82,36.86,10.4390328,0.0,False,0.3879729000483515,False,False,False,0
2024-11-13,1295.1399999999999,405.49,555.3199999999999,147.6,0.0,2403.5499999999997,0.0,0.0,0.0,0.0,0.0,0.0,13.5,4.2,13.1,24.0,56.3,39.56,14.912904,0.515748031496063,False,0.935417001665815,False,False,False,0
2024-11-14,964.9000000000001,533.77,354.09000000000003,0.5,47.99,1901.2500000000002,0.0,0.0,0.0,0.0,0.0,0.0,12.2,8.9,1.4,22.3,53.96,48.02,13.8565733,0.0551181102362204,False,0.413214919850228,False,False,False,0
2024-11-15,1031.44,665.54,467.66999999999996,99.01,30.0,2293.6600000000003,0.0,0.0,0.0,0.0,0.0,0.0,11.8,5.2,0.0,13.2,53.24,41.36,8.202097199999999,0.0,False,0.8211729507585591,False,False,False,0
2024-11-16,1133.45,778.4,437.49,6.0,80.0,2435.34,0.0,0.0,0.0,0.0,0.0,1.0,11.7,4.5,0.0,19.0,53.06,40.1,11.806049,0.0,False,0.968466581958305,False,False,False,0
2024-11-17,1172.8700000000001,619.25,413.21000000000004,0.0,25.75,2231.08,0.0,0.0,0.0,0.0,0.0,0.0,14.6,7.2,0.0,20.4,58.28,44.96,12.6759684,0.0,False,0.7561134120764574,False,False,False,0
2024-11-18,963.49,553.2,275.94,0.0,19.0,1811.63,0.0,0.0,0.0,0.0,0.0,0.0,17.2,11.9,6.9,30.7,62.96,53.42,19.0760897,0.2716535433070866,False,0.3200440049143072,False,False,False,0
2024-11-19,1018.4,698.2,382.03999999999996,0.0,0.0,2098.64,0.0,0.0,0.0,0.0,0.0,0.0,18.0,10.0,1.0,31.4,64.4,50.0,19.5110494,0.0393700787401574,False,0.6184258872593035,False,False,False,0
2024-11-20,1097.3,712.9,455.38,7.1,70.0,2342.68,0.0,0.0,0.0,0.0,0.0,0.0,10.0,2.2,2.0,29.2,50.0,35.96,18.1440332,0.0787401574803149,False,0.872135216437635,False,False,False,0
2024-11-21,871.4,626.47,465.93,13.24,17.75,1994.79,0.0,0.0,0.0,0.0,0.0,0.0,3.3,-0.5,4.9,35.9,37.94,31.1,22.3072189,0.1929133858267716,False,0.5104611526454299,False,False,False,0
2024-11-22,946.8199999999999,479.52,362.8,141.92,15.0,1946.06,0.0,0.0,0.0,0.0,0.0,0.0,7.6,2.9,0.1,24.1,45.68,37.22,14.9750411,0.0039370078740157,False,0.459800377318188,False,False,False,0
2024-11-23,610.1700000000001,200.24,188.32999999999998,0.0,12.99,1011.73,0.0,0.0,0.0,0.0,0.0,0.0,5.7,2.1,0.0,14.0,42.260000000000005,35.78,8.699194,0.0,False,-0.5115495551977542,False,False,False,0
2024-11-24,424.13,249.26,221.84,0.0,0.0,895.23,0.0,0.0,0.0,0.0,0.0,0.0,13.4,1.8,0.0,19.5,56.120000000000005,35.24,12.1167345,0.0,False,-0.6326655068830339,False,False,False,0
2024-11-25,377.79,236.85,116.15,0.0,25.0,755.79,0.0,0.0,0.0,0.0,0.0,0.0,14.9,2.9,1.0,25.2,58.82,37.22,15.6585492,0.0393700787401574,False,-0.7776303850203334,False,False,False,0
2024-11-26,362.49,159.75,114.82,3.96,0.0,641.02,0.0,0.0,0.0,0.0,0.0,0.0,5.2,-3.4,0.0,20.7,41.36,25.880000000000003,12.8623797,0.0,False,-0.8969477908136342,False,False,False,0
2024-11-27,335.3,128.76,91.56,0.0,0.0,555.62,0.0,0.0,0.0,0.0,0.0,0.0,6.0,0.9,5.6,11.4,42.8,33.62,7.0836294,0.2204724409448819,False,-0.9857315013194099,False,False,False,0
2024-11-28,303.58,173.73,111.52,0.0,0.0,588.8299999999999,0.0,0.0,0.0,1.0,0.0,0.0,2.8,-1.7,0.0,20.9,37.04,28.94,12.9866539,0.0,False,-0.9512056579248337,False,False,True,1
2024-11-29,282.28,65.1,49.03,0.0,0.0,396.40999999999997,0.0,0.0,0.0,0.0,0.0,0.0,-1.2,-6.5,0.0,22.3,29.84,20.3,13.8565733,0.0,False,-1.1512497044766064,False,False,False,0
2024-11-30,281.45,111.83,54.32,0.0,25.0,472.59999999999997,0.0,0.0,0.0,0.0,0.0,0.0,-1.2,-8.9,0.0,16.0,29.84,15.979999999999997,9.941936,0.0,False,-1.0720409116963363,False,False,False,0
2024-12-01,312.65000000000003,233.52,108.85,0.0,0.0,655.0200000000001,0.0,0.0,0.0,0.0,0.0,0.0,-1.6,-7.9,0.0,14.8,29.12,17.779999999999998,9.1962908,0.0,False,-0.882393084173343,False,False,False,0
2024-12-02,665.4499999999999,416.13,180.0,0.0,0.0,1261.58,0.0,0.0,0.0,0.0,0.0,0.0,-3.4,-8.7,0.8,16.8,25.880000000000003,16.34,10.4390328,0.0314960629921259,False,-0.25180002276370195,False,False,False,0
2024-12-03,782.73,430.52,295.77,0.0,0.0,1509.02,0.0,0.0,0.0,0.0,0.0,0.0,-2.6,-8.4,0.0,21.1,27.32,16.88,13.1109281,0.0,False,0.005444020884414718,False,False,False,0
2024-12-04,967.16,521.85,295.65,0.0,25.0,1809.6599999999999,0.0,0.0,0.0,0.0,0.0,0.0,4.7,-5.9,0.9,32.1,40.46,21.38,19.9460091,0.0354330708661417,False,0.3179959497656374,False,False,False,0
2024-12-05,971.54,607.3199999999999,293.38,0.0,12.99,1885.2299999999998,0.0,0.0,0.0,0.0,0.0,0.0,-4.9,-11.4,0.0,31.7,23.18,11.479999999999997,19.6974607,0.0,False,0.396560176966123,False,False,False,0
2024-12-06,905.4,696.28,331.34000000000003,0.0,20.0,1953.02,0.0,0.0,0.0,0.0,0.0,0.0,0.4,-9.9,0.0,17.2,32.72,14.18,10.6875812,0.0,False,0.4670361457622185,False,False,False,0
2024-12-07,989.85,585.89,354.82,0.0,0.0,1930.56,0.0,0.0,0.0,0.0,0.0,0.0,7.7,-4.7,0.0,25.9,45.86,23.54,16.0935089,0.0,False,0.44368623782358,False,False,False,0
2024-12-08,1180.02,742.79,388.01,1.0,29.990000000000002,2341.8099999999995,0.0,0.0,0.0,0.0,0.0,0.0,13.0,4.5,1.9,26.0,55.4,40.1,16.155646,0.0748031496062992,False,0.871230745382131,False,False,False,0
2024-12-09,953.37,659.38,230.08,0.0,28.990000000000002,1871.82,0.0,0.0,0.0,0.0,0.0,0.0,11.5,6.2,6.2,20.9,52.7,43.16,12.9866539,0.2440944881889764,False,0.38261884724853,False,False,False,0
2024-12-10,880.0300000000001,734.68,310.85,100.0,22.990000000000002,2048.5499999999997,0.0,0.0,0.0,0.0,0.0,1.0,5.4,-1.6,0.0,17.9,41.72,29.12,11.1225409,0.0,False,0.5663512261441476,False,False,False,0
2024-12-11,802.17,588.34,278.25,0.0,0.0,1668.76,1.0,0.0,0.0,0.0,0.0,0.0,2.0,-8.0,0.6,30.5,35.6,17.6,18.9518155,0.0236220472440944,False,0.1715132236501363,False,False,False,0
2024-12-12,1106.99,1184.71,599.48,0.0,10.0,2901.18,1.0,0.0,0.0,0.0,0.0,0.0,-6.7,-11.0,0.6,23.5,19.94,12.2,14.6022185,0.0236220472440944,False,1.4527640491949625,False,False,False,0
2024-12-13,879.72,666.46,314.71000000000004,1.5,0.0,1862.39,1.0,0.0,0.0,0.0,0.0,0.0,-4.4,-10.7,0.0,16.7,24.08,12.740000000000002,10.3768957,0.0,False,0.3728152127043913,False,False,False,0
2024-12-14,908.65,648.27,290.07,0.0,55.0,1901.99,0.0,0.0,0.0,0.0,0.0,1.0,5.5,-4.4,7.6,24.4,41.9,24.08,15.1614524,0.2992125984251969,False,0.41398424005835743,False,False,False,0
2024-12-15,780.23,959.1700000000001,435.08000000000004,0.0,0.0,2174.48,0.0,0.0,0.0,0.0,0.0,0.0,6.6,2.9,1.9,22.2,43.88,37.22,13.7944362,0.0748031496062992,False,0.6972708123735664,False,False,False,0
2024-12-16,989.4799999999999,593.67,272.27,0.0,0.0,1855.4199999999998,0.0,0.0,0.0,0.0,0.0,0.0,15.5,4.1,9.0,28.6,59.9,39.38,17.7712106,0.3543307086614173,False,0.3655690480413318,False,False,False,0
2024-12-17,917.94,793.29,350.91,7.0,12.99,2082.1299999999997,0.0,0.0,0.0,0.0,0.0,0.0,8.4,0.8,0.0,16.7,47.120000000000005,33.44,10.3768957,0.0,False,0.6012617296427886,False,False,False,0
2024-12-18,469.45,479.18,166.6,0.01,0.0,1115.24,0.0,0.0,0.0,0.0,0.0,0.0,4.3,-2.4,0.0,18.3,39.74,27.68,11.3710893,0.0,False,-0.40393829203085907,False,False,False,0
2024-12-19,512.87,348.64000000000004,199.18,0.0,0.0,1060.69,0.0,0.0,0.0,0.0,0.0,0.0,2.8,-3.8,0.0,18.4,37.04,25.16,11.4332264,0.0,False,-0.46064966683285047,False,False,False,0
2024-12-20,328.0,268.78,161.05,0.0,0.0,757.8299999999999,1.0,0.0,0.0,0.0,0.0,0.0,2.2,-4.7,1.7,28.2,35.96,23.54,17.5226622,0.0669291338582677,False,-0.7755095563384624,False,False,False,0
2024-12-21,448.35,212.97,137.42,3.0,25.0,826.74,0.0,0.0,0.0,0.0,0.0,0.0,-1.1,-6.3,0.0,13.7,30.02,20.66,8.512782699999999,0.0,False,-0.7038692110111437,False,False,False,0
2024-12-22,313.2,131.25,69.62,0.0,0.0,514.0699999999999,0.0,0.0,0.0,0.0,0.0,0.0,2.8,-6.5,0.0,22.3,37.04,20.3,13.8565733,0.0,False,-1.0289277913839883,False,False,False,0
2024-12-23,0.0,0.0,0.0,0.0,0.0,0.0,0.0,0.0,0.0,0.0,0.0,0.0,7.2,-0.9,0.0,25.0,44.96,30.38,15.534275,0.0,False,-1.563366222996449,False,False,False,0
2024-12-24,0.0,0.0,0.0,0.0,0.0,0.0,0.0,0.0,0.0,0.0,0.0,0.0,5.2,-1.4,0.0,11.9,41.36,29.48,7.3943149,0.0,False,-1.563366222996449,False,False,False,0
2024-12-25,0.0,0.0,0.0,0.0,0.0,0.0,0.0,0.0,0.0,1.0,0.0,0.0,5.6,1.5,2.6,11.4,42.08,34.7,7.0836294,0.1023622047244094,False,-1.563366222996449,False,False,True,1
2024-12-26,0.0,0.0,0.0,0.0,0.0,0.0,0.0,0.0,0.0,0.0,0.0,0.0,10.4,5.5,0.1,17.1,50.72,41.9,10.6254441,0.0039370078740157,False,-1.563366222996449,False,False,False,0
2024-12-27,0.0,0.0,0.0,0.0,0.0,0.0,0.0,0.0,0.0,0.0,0.0,0.0,12.1,7.8,6.8,25.9,53.78,46.04,16.0935089,0.2677165354330709,False,-1.563366222996449,False,False,False,0
2024-12-28,0.0,0.0,0.0,0.0,0.0,0.0,0.0,0.0,0.0,0.0,0.0,0.0,13.7,7.4,0.3,22.2,56.66,45.32,13.7944362,0.0118110236220472,False,-1.563366222996449,False,False,False,0
2024-12-29,0.0,0.0,0.0,0.0,0.0,0.0,0.0,0.0,0.0,0.0,0.0,1.0,9.4,5.7,43.4,30.4,48.92,42.260000000000005,18.8896784,1.7086614173228347,False,-1.563366222996449,False,False,False,0
2024-12-30,0.0,0.0,0.0,0.0,0.0,0.0,0.0,0.0,0.0,0.0,0.0,0.0,8.9,3.4,0.0,21.7,48.02,38.12,13.4837507,0.0,False,-1.563366222996449,False,False,False,0
2024-12-31,0.0,0.0,0.0,0.0,0.0,0.0,0.0,0.0,0.0,0.0,0.0,0.0,7.4,1.3,10.5,32.4,45.32,34.34,20.1324204,0.4133858267716536,False,-1.563366222996449,False,False,False,0
2025-01-01,0.0,0.0,0.0,0.0,0.0,0.0,0.0,0.0,0.0,1.0,0.0,0.0,1.1,-2.3,0.0,27.6,33.98,27.86,17.1498396,0.0,False,-1.563366222996449,False,False,True,1
2025-01-02,0.0,0.0,0.0,0.0,0.0,0.0,0.0,0.0,0.0,0.0,0.0,0.0,4.4,-3.3,0.7,12.6,39.92,26.06,7.8292746,0.0275590551181102,False,-1.563366222996449,False,False,False,0
2025-01-03,0.0,0.0,0.0,0.0,0.0,0.0,0.0,0.0,0.0,0.0,0.0,0.0,0.2,-7.7,0.2,22.5,32.36,18.14,13.9808475,0.0078740157480314,False,-1.563366222996449,False,False,False,0
2025-01-04,408.3,123.5,332.84,0.0,0.0,864.6399999999999,0.0,0.0,0.0,0.0,0.0,0.0,-4.6,-10.8,0.0,15.7,23.72,12.56,9.7555247,0.0,False,-0.66446754089207,False,False,False,0
2025-01-05,0.0,0.0,0.0,0.0,0.0,0.0,0.0,0.0,0.0,0.0,0.0,0.0,-5.0,-6.5,5.4,24.4,23.0,20.3,15.1614524,0.2125984251968504,False,-1.563366222996449,False,False,False,0
2025-01-06,0.0,0.0,0.0,0.0,0.0,0.0,0.0,0.0,0.0,0.0,0.0,0.0,-2.9,-6.1,1.3,26.1,26.78,21.02,16.217783100000002,0.0511811023622047,False,-1.563366222996449,False,False,False,0
2025-01-07,0.0,0.0,0.0,0.0,0.0,0.0,0.0,0.0,0.0,0.0,0.0,0.0,-4.0,-9.4,0.0,14.6,24.8,15.079999999999998,9.0720166,0.0,False,-1.563366222996449,False,False,False,0
2025-01-08,110.0,72.66999999999999,24.48,0.0,0.0,207.14999999999998,0.0,0.0,0.0,0.0,0.0,1.0,-6.5,-10.9,0.0,12.9,20.3,12.38,8.015685900000001,0.0,False,-1.3480085458152844,False,False,False,0
2025-01-09,218.54000000000002,59.43,33.44,0.0,0.0,311.41,0.0,0.0,0.0,0.0,0.0,0.0,-6.9,-15.3,0.0,14.7,19.58,4.459999999999997,9.1341537,0.0,False,-1.2396175662212308,False,False,False,0
2025-01-10,110.0,130.77,47.96,0.0,0.0,288.73,0.0,0.0,0.0,0.0,0.0,0.0,-2.5,-8.5,6.4,14.8,27.5,16.7,9.1962908,0.2519685039370079,False,-1.2631961909785023,False,False,False,0
2025-01-11,224.0,100.07,93.93,4.5,43.0,465.5,0.0,0.0,0.0,0.0,0.0,1.0,-2.7,-5.5,0.0,17.8,27.14,22.1,11.0604038,0.0,False,-1.0794222272067695,False,False,False,0
2025-01-12,235.45,72.14,65.85,0.0,0.0,373.43999999999994,0.0,0.0,0.0,0.0,0.0,0.0,1.3,-5.5,0.0,21.3,34.34,22.1,13.2352023,0.0,False,-1.1751298195857123,False,False,False,0
2025-01-13,206.82999999999998,77.27,76.64,0.0,0.0,360.73999999999995,0.0,0.0,0.0,0.0,0.0,0.0,-6.2,-12.3,0.0,21.2,20.84,9.86,13.1730652,0.0,False,-1.1883330177522622,False,False,False,0
2025-01-14,136.93,48.449999999999996,29.89,100.0,0.0,315.27,0.0,0.0,0.0,0.0,0.0,0.0,-6.0,-15.4,0.6,25.2,21.2,4.280000000000001,15.6585492,0.0236220472440944,False,-1.235604625676122,False,False,False,0
2025-01-15,207.88,87.5,57.76,3.0,14.0,370.14,1.0,0.0,0.0,0.0,0.0,0.0,-9.9,-20.4,0.0,18.7,14.18,-4.719999999999999,11.6196377,0.0,False,-1.1785605718652097,False,False,False,0
2025-01-16,348.68,139.82999999999998,72.09,0.0,37.99,598.59,0.0,0.0,0.0,0.0,0.0,0.0,1.1,-9.5,0.0,21.7,33.98,14.9,13.4837507,0.0,False,-0.9410589481527449,False,False,False,0
2025-01-17,481.39,173.06,139.01,0.0,48.0,841.46,0.0,0.0,0.0,0.0,0.0,0.0,4.7,-6.7,0.2,27.6,40.46,19.94,17.1498396,0.0078740157480314,False,-0.6885659766007804,False,False,False,0
2025-01-18,543.35,249.32,158.25,20.0,5.0,975.9200000000001,0.0,0.0,0.0,0.0,0.0,0.0,3.8,-5.3,0.5,24.1,38.84,22.46,14.9750411,0.0196850393700787,False,-0.5487784155398131,False,False,False,0
2025-01-19,446.01,279.96,104.16,0.0,0.0,830.13,1.0,0.0,0.0,0.0,0.0,0.0,-5.6,-16.3,0.0,22.5,21.92,2.6599999999999966,13.9808475,0.0,False,-0.7003448927603876,False,False,False,0
2025-01-20,800.03,455.63,179.70999999999998,0.0,0.0,1435.37,0.0,0.0,0.0,1.0,0.0,0.0,-10.0,-18.1,0.1,20.1,14.0,-0.5799999999999983,12.4895571,0.0039370078740157,False,-0.0711241322625454,False,False,True,1
2025-01-21,309.82,182.25,121.03,186.32,0.0,799.4200000000001,1.0,0.0,0.0,0.0,0.0,0.0,-12.7,-20.2,0.0,19.9,9.14,-4.359999999999999,12.3652829,0.0,False,-0.7322716813977689,False,False,False,0
2025-01-22,828.5899999999999,938.28,240.74,20.4,0.0,2028.01,0.0,0.0,0.0,0.0,0.0,0.0,-4.1,-18.7,0.0,23.5,24.62,-1.6599999999999966,14.6022185,0.0,False,0.544997392259035,False,False,False,0
2025-01-23,616.74,455.89000000000004,167.13,14.7,44.99,1299.4500000000003,0.0,0.0,0.0,0.0,0.0,1.0,-2.8,-11.7,0.2,20.3,26.96,10.94,12.6138313,0.0078740157480314,False,-0.21242954130171413,False,False,False,0
2025-01-24,834.95,734.42,228.85,257.8,12.99,2069.0099999999998,0.0,0.0,1.0,0.0,0.0,0.0,-5.5,-15.3,0.0,20.4,22.1,4.459999999999997,12.6759684,0.0,False,0.5876218902770302,False,False,False,0
2025-01-25,788.65,843.58,342.39,461.5,34.0,2470.12,0.0,0.0,0.0,0.0,0.0,0.0,5.0,-6.1,0.0,21.3,41.0,21.02,13.2352023,0.0,False,1.0046246317403993,False,False,False,0
2025-01-26,818.4,490.29999999999995,351.96000000000004,175.0,5.0,1840.6599999999999,0.0,0.0,0.0,0.0,0.0,1.0,-0.2,-5.0,0.0,14.3,31.64,23.0,8.8856053,0.0,False,0.35022422875485343,False,False,False,0
2025-01-27,844.32,512.4499999999999,225.41,569.6700000000001,0.0,2151.8500000000004,0.0,0.0,0.0,0.0,0.0,0.0,3.8,-7.9,0.0,26.6,38.84,17.779999999999998,16.5284686,0.0,False,0.673744168711439,False,False,False,0
2025-01-28,732.6899999999999,451.82,255.12,353.0,30.0,1822.63,0.0,0.0,0.0,0.0,0.0,0.0,6.8,-1.8,0.0,26.8,44.24,28.76,16.652742800000002,0.0,False,0.3314798458459645,False,False,False,0
2025-01-29,670.99,466.28999999999996,278.4,156.0,0.0,1571.6799999999998,0.0,0.0,1.0,0.0,1.0,0.0,7.0,0.9,0.0,24.5,44.6,33.62,15.2235895,0.0,False,0.07058672931874607,False,False,False,0
2025-01-30,662.32,368.19,230.85,191.0,0.0,1452.36,0.0,0.0,0.0,0.0,1.0,0.0,6.9,-0.2,1.9,17.9,44.42,31.64,11.1225409,0.0748031496062992,False,-0.05346095613264925,False,False,False,0
2025-01-31,799.27,553.73,307.77,329.0,17.990000000000002,2007.76,0.0,0.0,0.0,0.0,0.0,0.0,9.2,0.5,8.3,22.7,48.56,32.9,14.1051217,0.3267716535433071,False,0.5239450487257568,False,False,False,0
2025-02-01,1198.3,648.02,417.24,235.99,12.99,2512.54,0.0,0.0,0.0,0.0,0.0,0.0,4.9,-2.4,0.0,22.5,40.82,27.68,13.9808475,0.0,False,1.0487253928604816,False,False,False,0
2025-02-02,1264.73,748.94,446.72,11.7,16.0,2488.09,0.0,0.0,0.0,0.0,1.0,1.0,12.3,1.1,0.0,18.7,54.14,33.98,11.6196377,0.0,False,1.023306637335116,False,False,False,0
2025-02-03,1155.3200000000002,591.4899999999999,252.21,300.0,0.0,2299.02,0.0,0.0,0.0,0.0,0.0,0.0,17.4,1.6,0.0,25.2,63.32,34.88,15.6585492,0.0,False,0.8267453241579845,False,False,False,0
2025-02-04,851.26,395.53,253.57,249.99,26.0,1776.35,0.0,0.0,0.0,0.0,0.0,0.0,3.9,-3.6,0.0,21.9,39.02,25.52,13.608024899999998,0.0,False,0.2833661441807734,False,False,False,0
2025-02-05,738.21,406.71000000000004,242.81,20.0,17.990000000000002,1425.72,0.0,0.0,0.0,0.0,0.0,0.0,1.0,-4.0,3.3,17.8,33.8,24.8,11.0604038,0.1299212598425196,False,-0.08115648362531734,False,False,False,0
2025-02-06,916.25,430.91999999999996,316.46000000000004,5.0,0.0,1668.63,0.0,0.0,0.0,0.0,0.0,0.0,5.1,0.1,0.3,21.1,41.18,32.18,13.1109281,0.0118110236220472,False,0.1713780728027623,False,False,False,0
2025-02-07,839.41,546.41,310.49,176.2,20.0,1892.51,0.0,0.0,0.0,0.0,0.0,0.0,2.5,-4.4,0.0,19.3,36.5,24.08,11.9924603,0.0,False,0.4041286244190746,False,False,False,0
2025-02-08,705.75,661.85,298.69,50.0,0.0,1716.29,0.0,0.0,0.0,0.0,0.0,0.0,2.9,-1.6,2.4,20.9,37.22,29.12,12.9866539,0.0944881889763779,False,0.22092645269392458,False,False,False,0
2025-02-09,715.48,576.08,354.71000000000004,25.0,43.0,1714.27,0.0,0.0,0.0,0.0,0.0,0.0,1.8,-4.0,0.0,19.2,35.24,24.8,11.9303232,0.0,False,0.21882641645011117,False,False,False,0
2025-02-10,636.1,440.37,274.57,5.0,0.0,1356.04,0.0,0.0,0.0,0.0,0.0,0.0,2.6,-8.3,0.0,11.3,36.68,17.06,7.0214923,0.0,False,-0.153597337817852,False,False,False,0
2025-02-11,691.7199999999999,626.89,324.08000000000004,0.0,12.99,1655.68,0.0,0.0,0.0,0.0,0.0,1.0,3.7,-2.0,0.0,21.9,38.66,28.4,13.608024899999998,0.0,False,0.15791496916049297,False,False,False,0
2025-02-12,598.47,466.65,303.03999999999996,10.0,0.0,1378.1599999999999,0.0,0.0,0.0,0.0,0.0,0.0,-1.2,-3.1,4.8,18.0,29.84,26.42,11.184678,0.1889763779527559,False,-0.13060090132619218,False,False,False,0
2025-02-13,592.4300000000001,553.46,303.66999999999996,21.5,17.0,1488.06,0.0,0.0,0.0,0.0,0.0,0.0,-3.4,-11.9,0.1,22.3,25.880000000000003,10.579999999999998,13.8565733,0.0039370078740157,False,-0.01634645419990687,False,False,False,0
2025-02-14,903.05,718.28,331.68,0.0,53.33,2006.34,0.0,0.0,0.0,0.0,1.0,0.0,-0.7,-13.5,0.6,21.5,30.74,7.699999999999999,13.3594765,0.0236220472440944,False,0.52246878562367,False,False,False,0
2025-02-15,884.97,582.61,317.44,0.0,0.0,1785.02,0.0,0.0,0.0,0.0,0.0,1.0,5.0,-0.8,3.6,20.6,41.0,30.56,12.8002426,0.1417322834645669,False,0.2923796660787252,False,False,False,0
2025-02-16,897.52,609.98,357.12,7.7,17.0,1889.32,0.0,0.0,0.0,0.0,0.0,0.0,-1.1,-10.7,1.9,27.4,30.02,12.740000000000002,17.025565399999998,0.0748031496062992,False,0.4008122305488939,False,False,False,0
2025-02-17,726.48,481.5,251.07999999999998,0.0,18.0,1477.06,0.0,0.0,0.0,1.0,0.0,0.0,-9.0,-14.9,0.1,19.3,15.8,5.18,11.9924603,0.0039370078740157,False,-0.027782295131564168,False,False,True,1
2025-02-18,701.24,415.7,189.29000000000002,51.0,24.0,1381.23,0.0,0.0,0.0,0.0,0.0,0.0,-11.3,-17.5,0.3,16.4,11.66,0.5,10.1904844,0.0118110236220472,False,-0.12740926208435674,False,False,False,0
2025-02-19,685.4,538.82,338.74,6.7,0.0,1569.66,0.0,0.0,0.0,0.0,0.0,0.0,-9.0,-15.1,1.5,16.1,15.8,4.82,10.0040731,0.0590551181102362,False,0.0684866930749329,False,False,False,0
2025-02-20,930.63,494.98999999999995,346.71000000000004,0.0,17.0,1789.33,0.0,0.0,0.0,0.0,0.0,0.0,-7.0,-17.6,0.0,16.1,19.4,0.3200000000000003,10.0040731,0.0,False,0.29686043648012905,False,False,False,0
2025-02-21,855.72,517.19,315.8,72.03,30.990000000000002,1791.73,0.0,0.0,0.0,0.0,0.0,0.0,-1.0,-13.3,0.0,13.0,30.2,8.059999999999999,8.077823,0.0,False,0.29935552904703616,False,False,False,0
2025-02-22,994.4699999999999,594.79,331.2,240.5,28.0,2188.96,0.0,0.0,0.0,0.0,0.0,0.0,3.0,-9.6,0.0,20.0,37.4,14.720000000000002,12.42742,0.0,False,0.7123245375272389,False,False,False,0
2025-02-23,1187.94,687.71,424.38,0.0,0.0,2300.03,0.0,0.0,0.0,0.0,0.0,0.0,9.1,-3.3,0.0,18.5,48.38,26.06,11.4953635,0.0,False,0.8277953422798915,False,False,False,0
2025-02-24,868.9,440.78000000000003,262.5,0.0,0.0,1572.18,0.0,0.0,0.0,0.0,0.0,0.0,13.3,1.1,0.0,19.7,55.94,33.98,12.2410087,0.0,False,0.07110654027018527,False,False,False,0
2025-02-25,1108.45,1017.9,396.11,119.0,20.0,2661.46,0.0,0.0,0.0,0.0,0.0,1.0,14.4,2.8,0.1,15.5,57.92,37.04,9.6312505,0.0039370078740157,False,1.2035458866370639,False,False,False,0
2025-02-26,815.86,568.26,300.85,6.7,30.0,1721.6699999999998,0.0,0.0,0.0,0.0,0.0,0.0,14.0,2.4,3.5,24.2,57.2,36.32,15.0371782,0.1377952755905512,False,0.22651961853140776,False,False,False,0
2025-02-27,1129.1,1058.8,712.26,0.0,0.0,2900.16,0.0,0.0,0.0,0.0,0.0,0.0,11.6,1.6,0.0,29.1,52.88,34.88,18.0818961,0.0,False,1.451703634854027,False,False,False,0
2025-02-28,1221.1499999999999,910.84,343.59000000000003,255.0,20.0,2750.58,0.0,0.0,0.0,0.0,1.0,0.0,16.5,1.3,0.0,32.9,61.7,34.34,20.4431059,0.0,False,1.2961969906215454,False,False,False,0
2025-03-01,1146.55,1042.65,460.76,177.5,46.0,2873.46,0.0,0.0,0.0,0.0,0.0,0.0,3.8,-4.6,0.0,26.3,38.84,23.72,16.3420573,0.0,False,1.4239457300471865,False,False,False,0
2025-03-02,1141.99,812.34,360.75,0.0,10.0,2325.08,0.0,0.0,0.0,0.0,0.0,0.0,3.6,-7.4,0.0,12.2,38.48,18.68,7.5807262,0.0,False,0.8538378709469835,False,False,False,0
2025-03-03,776.95,777.95,340.87,0.0,10.0,1905.77,0.0,0.0,0.0,0.0,0.0,0.0,11.8,-1.9,0.0,24.1,53.24,28.58,14.9750411,0.0,False,0.41791401085123603,False,False,False,0
2025-03-04,721.9399999999999,713.9,344.56,152.0,0.0,1932.3999999999999,0.0,0.0,0.0,0.0,0.0,0.0,16.5,9.2,18.0,29.0,61.7,48.56,18.019759,0.7086614173228347,False,0.44559914212487534,False,False,False,0
2025-03-05,700.94,588.69,385.99,0.0,0.0,1675.6200000000001,0.0,0.0,0.0,0.0,0.0,0.0,11.1,0.0,4.4,32.9,51.98,32.0,20.4431059,0.1732283464566929,False,0.17864502990387907,False,False,False,0
2025-03-06,940.4300000000001,716.2,461.27,0.0,10.0,2127.9,0.0,0.0,0.0,0.0,0.0,0.0,6.3,-3.0,0.0,25.1,43.34,26.6,15.5964121,0.0,False,0.6488452241375121,False,False,False,0
2025-03-07,875.7,738.59,407.55,213.95,0.0,2235.79,0.0,0.0,0.0,0.0,0.0,1.0,12.7,0.4,1.6,22.3,54.86,32.72,13.8565733,0.0629921259842519,False,0.7610100312390126,False,False,False,0
2025-03-08,1540.29,909.6500000000001,577.49,190.0,32.0,3249.4300000000003,0.0,0.0,0.0,0.0,0.0,0.0,10.2,-1.3,0.0,16.9,50.36,29.66,10.5011699,0.0,False,1.8148123768722044,False,False,False,0
2025-03-09,1178.6,1204.26,567.06,0.0,10.0,2959.9199999999996,0.0,0.0,0.0,0.0,0.0,0.0,14.0,0.4,0.0,16.5,57.2,32.72,10.2526215,0.0,False,1.5138314397700123,False,False,False,0
2025-03-10,910.0799999999999,966.79,429.85,60.0,20.0,2386.72,0.0,0.0,0.0,0.0,0.0,0.0,18.8,3.1,0.0,20.7,65.84,37.58,12.8623797,0.0,False,0.9179201650403793,False,False,False,0
2025-03-11,999.13,993.46,362.19,169.0,20.0,2543.78,0.0,0.0,0.0,0.0,0.0,0.0,18.6,4.8,0.0,21.2,65.48,40.64,13.1730652,0.0,False,1.0812031811063885,False,False,False,0
2025-03-12,996.99,954.4000000000001,381.82,0.0,0.0,2333.21,0.0,0.0,0.0,0.0,0.0,0.0,18.9,3.5,0.0,17.2,66.02,38.3,10.6875812,0.0,False,0.8622899970173812,False,False,False,0
2025-03-13,969.7,1013.53,383.15999999999997,66.5,0.0,2432.89,0.0,0.0,0.0,0.0,0.0,0.0,22.1,5.4,0.0,13.9,71.78,41.72,8.637056900000001,0.0,False,0.9659195082962537,False,False,False,0
2025-03-14,964.21,607.62,415.93,643.3,0.0,2631.06,0.0,0.0,0.0,0.0,0.0,0.0,24.4,11.7,0.0,37.1,75.92,53.06,23.0528641,0.0,False,1.1719413807895744,False,False,False,0
2025-03-15,594.98,381.4,277.2,237.0,12.99,1503.57,1.0,0.0,0.0,0.0,0.0,0.0,19.7,7.7,14.3,39.5,67.46,45.86,24.5441545,0.5629921259842521,False,-0.00022191848627008313,False,False,False,0
2025-03-16,434.6,163.97,222.66,0.0,0.0,821.23,0.0,0.0,0.0,0.0,0.0,0.0,6.4,-0.2,6.7,22.6,43.52,31.64,14.0429846,0.2637795275590551,False,-0.7095975276960012,False,False,False,0
2025-03-17,397.77,250.23000000000002,107.07,30.0,0.0,785.0699999999999,0.0,0.0,0.0,0.0,1.0,0.0,11.7,-3.2,0.0,25.6,53.06,26.24,15.9070976,0.0,False,-0.7471902557040674,False,False,False,0
2025-03-18,400.78999999999996,185.13,129.2,0.0,0.0,715.1199999999999,0.0,0.0,0.0,0.0,0.0,0.0,21.4,7.3,0.0,29.1,70.52,45.14,18.0818961,0.0,False,-0.8199118078103791,False,False,False,0
2025-03-19,413.6,178.70999999999998,80.49000000000001,0.0,0.0,672.8,0.0,0.0,0.0,0.0,0.0,0.0,19.4,6.8,10.3,36.8,66.92,44.24,22.8664528,0.4055118110236221,False,-0.8639086067401733,False,False,False,0
2025-03-20,322.40000000000003,159.39,117.89,0.0,0.0,599.6800000000001,0.0,0.0,0.0,0.0,0.0,0.0,7.0,0.7,1.9,26.9,44.6,33.26,16.7148799,0.0748031496062992,False,-0.939925760278608,False,False,False,0
2025-03-21,389.0,225.97,108.03,8.0,0.0,731.0,0.0,0.0,0.0,0.0,0.0,0.0,13.8,-0.5,0.4,30.5,56.84,31.1,18.9518155,0.0157480314960629,False,-0.8034026119926774,False,False,False,0
2025-03-22,604.03,326.27,233.23000000000002,73.95,65.33,1302.81,0.0,0.0,0.0,0.0,0.0,0.0,9.8,2.1,0.2,24.7,49.64,35.78,15.3478637,0.0078740157480314,False,-0.2089364117080446,False,False,False,0
2025-03-23,723.05,370.77,265.48,0.0,0.0,1359.3,1.0,0.0,0.0,0.0,0.0,0.0,14.0,3.7,2.6,31.1,57.2,38.66,19.3246381,0.1023622047244094,False,-0.15020817041446996,False,False,False,0
2025-03-24,775.0899999999999,689.6,297.46,21.12,0.0,1783.27,0.0,0.0,0.0,0.0,0.0,0.0,10.8,2.0,0.0,25.9,51.44,35.6,16.0935089,0.0,False,0.2905603277486888,False,False,False,0
2025-03-25,900.6199999999999,636.39,286.94,1075.0,0.0,2898.95,0.0,0.0,0.0,0.0,0.0,0.0,9.9,3.3,2.9,18.7,49.82,37.94,11.6196377,0.1141732283464567,False,1.4504456923515447,False,False,False,0
2025-03-26,998.0100000000001,968.73,467.74,120.0,5.33,2559.8100000000004,0.0,0.0,0.0,0.0,0.0,0.0,12.6,1.8,0.5,16.7,54.68,35.24,10.3768957,0.0196850393700787,False,1.097868320209522,False,False,False,0
2025-03-27,976.48,771.4200000000001,405.82,0.0,0.0,2153.7200000000003,0.0,0.0,0.0,0.0,0.0,0.0,15.2,5.6,1.7,20.9,59.36,42.08,12.9866539,0.0669291338582677,False,0.6756882616698207,False,False,False,0
2025-03-28,1302.03,1197.43,548.7,120.0,0.0,3168.16,0.0,0.0,0.0,0.0,0.0,0.0,25.2,8.9,2.1,33.7,77.36,48.02,20.9402027,0.0826771653543307,False,1.730322304825314,False,False,False,0
2025-03-29,996.58,759.82,463.65,80.1,0.0,2300.15,0.0,0.0,0.0,0.0,1.0,0.0,18.8,16.2,4.7,26.2,65.84,61.16,16.2799202,0.1850393700787401,False,0.8279200969082368,False,False,False,0
2025-03-30,1125.1,864.9200000000001,418.84000000000003,21.12,10.0,2439.98,0.0,0.0,0.0,0.0,1.0,0.0,22.5,8.8,12.7,33.5,72.5,47.84,20.8159285,0.5,False,0.9732904275876585,False,False,False,0
2025-03-31,850.1999999999999,692.54,389.81,0.0,15.0,1947.5499999999997,0.0,0.0,0.0,0.0,0.0,0.0,9.9,3.7,0.0,24.7,49.82,38.66,15.3478637,0.0,False,0.46134941395347595,False,False,False,0
2025-04-01,794.0799999999999,815.55,433.73,324.0,10.0,2377.3599999999997,0.0,0.0,0.0,0.0,1.0,0.0,10.1,-1.0,0.8,26.5,50.18,30.2,16.4663315,0.0314960629921259,False,0.9081893040294418,False,False,False,0
2025-04-02,732.71,726.63,297.49,0.0,0.0,1756.8300000000002,0.0,0.0,0.0,0.0,0.0,0.0,23.7,7.8,15.9,43.0,74.66,46.04,26.718953,0.6259842519685039,False,0.2630727246365963,False,False,False,0
2025-04-03,850.8299999999999,852.8699999999999,366.53,0.0,0.0,2070.2299999999996,0.0,0.0,0.0,0.0,0.0,0.0,17.2,8.6,0.6,23.7,62.96,47.48,14.7264927,0.0236220472440944,False,0.588890228998541,False,False,False,0
2025-04-04,1016.1800000000001,860.48,377.62,394.0,0.0,2648.28,0.0,1.0,1.0,0.0,0.0,0.0,11.9,5.8,25.1,19.2,53.42,42.44,11.9303232,0.9881889763779528,False,1.1898436699571329,False,False,False,0
2025-04-05,1921.6200000000001,1326.29,827.88,82.0,0.0,4157.79,0.0,0.0,0.0,0.0,0.0,0.0,11.7,6.5,19.6,21.8,53.06,43.7,13.5458878,0.7716535433070867,False,2.7591633285704065,False,False,False,0
2025-04-06,1548.67,1034.9099999999999,702.02,0.0,0.0,3285.6,0.0,1.0,1.0,0.0,0.0,0.0,7.9,3.4,0.3,19.1,46.22,38.12,11.8681861,0.0118110236220472,False,1.852415501099299,False,False,False,0
2025-04-07,838.53,592.59,289.57,0.0,0.0,1720.6899999999998,0.0,0.0,0.0,0.0,0.0,0.0,12.3,1.0,0.3,27.5,54.14,33.8,17.0877025,0.0118110236220472,False,0.22550078906658738,False,False,False,0
2025-04-08,1145.81,756.26,435.26,558.0,16.0,2911.33,0.0,0.0,0.0,0.0,0.0,0.0,12.3,1.0,0.3,27.5,54.14,33.8,17.0877025,0.0118110236220472,False,1.4633162115091738,False,False,False,0
2025-04-09,930.93,557.37,348.4,7.7,12.99,1857.3899999999999,0.0,0.0,0.0,0.0,0.0,0.0,16.5,5.7,0.0,20.7,61.7,42.260000000000005,12.8623797,0.0,False,0.36761710319000135,False,False,False,0
2025-04-10,645.66,423.51,283.34000000000003,0.0,32.99,1385.5000000000002,0.0,0.0,0.0,0.0,0.0,0.0,16.5,5.7,0.0,20.7,61.7,42.260000000000005,12.8623797,0.0,False,-0.12297007655906773,False,False,False,0
2025-04-11,0.0,0.0,0.0,0.0,0.0,0.0,0.0,1.0,0.0,0.0,0.0,0.0,16.5,5.7,0.0,20.7,61.7,42.260000000000005,12.8623797,0.0,False,-1.563366222996449,False,False,False,0
2025-04-12,0.0,0.0,0.0,0.0,0.0,0.0,0.0,0.0,0.0,0.0,0.0,0.0,16.5,5.7,0.0,20.7,61.7,42.260000000000005,12.8623797,0.0,False,-1.563366222996449,False,False,False,0
2025-04-13,0.0,0.0,0.0,0.0,0.0,0.0,0.0,0.0,0.0,0.0,0.0,0.0,16.5,5.7,0.0,20.7,61.7,42.260000000000005,12.8623797,0.0,False,-1.563366222996449,False,False,False,0
2025-04-14,0.0,0.0,0.0,0.0,0.0,0.0,0.0,0.0,0.0,0.0,0.0,0.0,16.5,5.7,0.0,20.7,61.7,42.260000000000005,12.8623797,0.0,False,-1.563366222996449,False,False,False,0
2025-04-15,0.0,0.0,0.0,0.0,0.0,0.0,0.0,0.0,0.0,0.0,0.0,0.0,16.5,5.7,0.0,20.7,61.7,42.260000000000005,12.8623797,0.0,False,-1.563366222996449,False,False,False,0
2025-04-16,0.0,0.0,0.0,0.0,0.0,0.0,0.0,0.0,0.0,0.0,0.0,0.0,16.5,5.7,0.0,20.7,61.7,42.260000000000005,12.8623797,0.0,False,-1.563366222996449,False,False,False,0
2025-04-17,0.0,0.0,0.0,0.0,0.0,0.0,0.0,0.0,0.0,0.0,0.0,0.0,16.5,5.7,0.0,20.7,61.7,42.260000000000005,12.8623797,0.0,False,-1.563366222996449,False,False,False,0
2025-04-18,0.0,0.0,0.0,0.0,0.0,0.0,0.0,0.0,0.0,0.0,0.0,0.0,16.5,5.7,0.0,20.7,61.7,42.260000000000005,12.8623797,0.0,False,-1.563366222996449,False,False,False,0
2025-04-19,0.0,0.0,0.0,0.0,0.0,0.0,0.0,0.0,0.0,0.0,0.0,0.0,16.5,5.7,0.0,20.7,61.7,42.260000000000005,12.8623797,0.0,False,-1.563366222996449,False,False,False,0
2025-04-20,0.0,0.0,0.0,0.0,0.0,0.0,0.0,0.0,0.0,0.0,1.0,0.0,16.5,5.7,0.0,20.7,61.7,42.260000000000005,12.8623797,0.0,False,-1.563366222996449,False,False,False,0
2025-04-21,0.0,0.0,0.0,0.0,0.0,0.0,0.0,0.0,0.0,0.0,0.0,0.0,16.5,5.7,0.0,20.7,61.7,42.260000000000005,12.8623797,0.0,False,-1.563366222996449,False,False,False,0
2025-04-22,0.0,0.0,0.0,0.0,0.0,0.0,0.0,0.0,0.0,0.0,1.0,0.0,16.5,5.7,0.0,20.7,61.7,42.260000000000005,12.8623797,0.0,False,-1.563366222996449,False,False,False,0
2025-04-23,0.0,0.0,0.0,0.0,0.0,0.0,0.0,0.0,1.0,0.0,1.0,0.0,16.5,5.7,0.0,20.7,61.7,42.260000000000005,12.8623797,0.0,False,-1.563366222996449,False,False,False,0
2025-04-24,0.0,0.0,0.0,0.0,0.0,0.0,0.0,0.0,1.0,0.0,0.0,0.0,16.5,5.7,0.0,20.7,61.7,42.260000000000005,12.8623797,0.0,False,-1.563366222996449,False,False,False,0
2025-04-25,0.0,0.0,0.0,0.0,0.0,0.0,0.0,0.0,0.0,0.0,0.0,0.0,16.5,5.7,0.0,20.7,61.7,42.260000000000005,12.8623797,0.0,False,-1.563366222996449,False,False,False,0
2025-04-26,0.0,0.0,0.0,0.0,0.0,0.0,0.0,0.0,1.0,0.0,0.0,0.0,16.5,5.7,0.0,20.7,61.7,42.260000000000005,12.8623797,0.0,False,-1.563366222996449,False,False,False,0
2025-04-27,0.0,0.0,0.0,0.0,0.0,0.0,0.0,0.0,0.0,0.0,0.0,0.0,16.5,5.7,0.0,20.7,61.7,42.260000000000005,12.8623797,0.0,False,-1.563366222996449,False,False,False,0
2025-04-28,0.0,0.0,0.0,0.0,0.0,0.0,0.0,0.0,0.0,0.0,0.0,0.0,16.5,5.7,0.0,20.7,61.7,42.260000000000005,12.8623797,0.0,False,-1.563366222996449,False,False,False,0
2025-04-29,0.0,0.0,0.0,0.0,0.0,0.0,0.0,0.0,0.0,0.0,0.0,0.0,16.5,5.7,0.0,20.7,61.7,42.260000000000005,12.8623797,0.0,False,-1.563366222996449,False,False,False,0
2025-04-30,0.0,0.0,0.0,0.0,0.0,0.0,0.0,0.0,0.0,0.0,0.0,0.0,16.5,5.7,0.0,20.7,61.7,42.260000000000005,12.8623797,0.0,False,-1.563366222996449,False,False,False,0
2025-05-01,0.0,0.0,0.0,0.0,0.0,0.0,0.0,0.0,0.0,0.0,0.0,0.0,16.5,5.7,0.0,20.7,61.7,42.260000000000005,12.8623797,0.0,False,-1.563366222996449,False,False,False,0
2025-05-02,0.0,0.0,0.0,0.0,0.0,0.0,0.0,0.0,0.0,0.0,0.0,0.0,16.5,5.7,0.0,20.7,61.7,42.260000000000005,12.8623797,0.0,False,-1.563366222996449,False,False,False,0
2025-05-03,0.0,0.0,0.0,0.0,0.0,0.0,0.0,0.0,1.0,0.0,0.0,0.0,16.5,5.7,0.0,20.7,61.7,42.260000000000005,12.8623797,0.0,False,-1.563366222996449,False,False,False,0
2025-05-04,0.0,0.0,0.0,0.0,0.0,0.0,0.0,0.0,0.0,0.0,1.0,0.0,16.5,5.7,0.0,20.7,61.7,42.260000000000005,12.8623797,0.0,False,-1.563366222996449,False,False,False,0
2025-05-05,0.0,0.0,0.0,0.0,0.0,0.0,0.0,0.0,0.0,0.0,0.0,0.0,16.5,5.7,0.0,20.7,61.7,42.260000000000005,12.8623797,0.0,False,-1.563366222996449,False,False,False,0
2025-05-06,0.0,0.0,0.0,0.0,0.0,0.0,0.0,0.0,0.0,0.0,0.0,0.0,16.5,5.7,0.0,20.7,61.7,42.260000000000005,12.8623797,0.0,False,-1.563366222996449,False,False,False,0
2025-05-07,0.0,0.0,0.0,0.0,0.0,0.0,1.0,0.0,0.0,0.0,0.0,0.0,16.5,5.7,0.0,20.7,61.7,42.260000000000005,12.8623797,0.0,False,-1.563366222996449,False,False,False,0
2025-05-08,0.0,0.0,0.0,0.0,0.0,0.0,1.0,0.0,0.0,0.0,0.0,0.0,16.5,5.7,0.0,20.7,61.7,42.260000000000005,12.8623797,0.0,False,-1.563366222996449,False,False,False,0
2025-05-09,0.0,0.0,0.0,0.0,0.0,0.0,1.0,0.0,0.0,0.0,0.0,0.0,16.5,5.7,0.0,20.7,61.7,42.260000000000005,12.8623797,0.0,False,-1.563366222996449,False,False,False,0
2025-05-10,0.0,0.0,0.0,0.0,0.0,0.0,0.0,0.0,0.0,0.0,0.0,0.0,16.5,5.7,0.0,20.7,61.7,42.260000000000005,12.8623797,0.0,False,-1.563366222996449,False,False,False,0
2025-05-11,0.0,0.0,0.0,0.0,0.0,0.0,0.0,0.0,0.0,0.0,1.0,0.0,16.5,5.7,0.0,20.7,61.7,42.260000000000005,12.8623797,0.0,False,-1.563366222996449,False,False,False,0
